#Code,Azimuth,Elevation,Calibration
53237,0,50,1
53240,0,50.53,1
53243,0,51.07,1
53246,-2.57,51.55,1
53249,0,51.6,1
53252,2.57,51.55,1
53255,-2.6,52.09,1
53258,0,52.13,1
53261,2.6,52.09,1
53264,-2.64,52.62,1
53267,0,52.67,1
53270,2.64,52.62,1
53273,-5.32,53.01,1
53276,-2.67,53.15,1
53279,0,53.2,1
53282,2.67,53.15,1
53285,5.32,53.01,1
53288,-5.39,53.55,1
53291,-2.7,53.69,1
53294,0,53.73,1
53297,2.7,53.69,1
53300,5.39,53.55,1
53303,-5.46,54.08,1
53306,-2.74,54.22,1
53309,0,54.27,1
53312,2.74,54.22,1
53315,5.46,54.08,1
53318,-5.53,54.61,1
53321,-2.77,54.75,1
53324,0,54.8,1
53327,2.77,54.75,1
53330,5.53,54.61,1
53333,-8.37,54.91,1
53336,-5.6,55.14,1
53339,-2.81,55.29,1
53342,0,55.33,1
53345,2.81,55.29,1
53348,5.6,55.14,1
53351,8.37,54.91,1
53354,-8.48,55.44,1
53357,-5.68,55.67,1
53360,-2.85,55.82,1
53363,0,55.87,1
53366,2.85,55.82,1
53369,5.68,55.67,1
53372,8.48,55.44,1
53375,-8.6,55.97,1
53378,-5.76,56.21,1
53381,-2.89,56.35,1
53384,0,56.4,1
53387,2.89,56.35,1
53390,5.76,56.21,1
53393,8.6,55.97,1
53396,-11.55,56.16,1
53399,-8.72,56.5,1
53402,-5.84,56.74,1
53405,-2.93,56.88,1
53408,0,56.93,1
53411,2.93,56.88,1
53414,5.84,56.74,1
53417,8.72,56.5,1
53420,11.55,56.16,1
53423,-11.71,56.69,1
53426,-8.84,57.03,1
53429,-5.93,57.27,1
53432,-2.97,57.42,1
53435,0,57.47,1
53438,2.97,57.42,1
53441,5.93,57.27,1
53444,8.84,57.03,1
53447,11.71,56.69,1
53450,-14.72,56.78,1
53453,-11.88,57.21,1
53456,-8.97,57.56,1
53459,-6.01,57.8,1
53462,-3.02,57.95,1
53465,0,58,1
53468,3.02,57.95,1
53471,6.01,57.8,1
53474,8.97,57.56,1
53477,11.88,57.21,1
53480,14.72,56.78,1
53483,-14.93,57.3,1
53486,-12.05,57.74,1
53489,-9.11,58.08,1
53492,-6.1,58.33,1
53495,-3.06,58.48,1
53498,0,58.53,1
53501,3.06,58.48,1
53504,6.1,58.33,1
53507,9.11,58.08,1
53510,12.05,57.74,1
53513,14.93,57.3,1
53516,-15.15,57.82,1
53519,-12.24,58.27,1
53522,-9.25,58.61,1
53525,-6.2,58.86,1
53528,-3.11,59.02,1
53531,0,59.07,1
53534,3.11,59.02,1
53537,6.2,58.86,1
53540,9.25,58.61,1
53543,12.24,58.27,1
53546,15.15,57.82,1
53549,-18.24,57.8,1
53552,-15.38,58.34,1
53555,-12.42,58.79,1
53558,-9.39,59.14,1
53561,-6.29,59.4,1
53564,-3.16,59.55,1
53567,0,59.6,1
53570,3.16,59.55,1
53573,6.29,59.4,1
53576,9.39,59.14,1
53579,12.42,58.79,1
53582,15.38,58.34,1
53585,18.24,57.8,1
53588,-18.52,58.32,1
53591,-15.61,58.86,1
53594,-12.62,59.32,1
53597,-9.54,59.67,1
53600,-6.4,59.93,1
53603,-3.21,60.08,1
53606,0,60.13,1
53609,3.21,60.08,1
53612,6.4,59.93,1
53615,9.54,59.67,1
53618,12.62,59.32,1
53621,15.61,58.86,1
53624,18.52,58.32,1
53627,-21.63,58.2,1
53630,-18.8,58.84,1
53633,-15.86,59.38,1
53636,-12.82,59.84,1
53639,-9.69,60.2,1
53642,-6.5,60.46,1
53645,-3.26,60.61,1
53648,0,60.67,1
53651,3.26,60.61,1
53654,6.5,60.46,1
53657,9.69,60.2,1
53660,12.82,59.84,1
53663,15.86,59.38,1
53666,18.8,58.84,1
53669,21.63,58.2,1
53672,-21.96,58.71,1
53675,-19.09,59.35,1
53678,-16.11,59.9,1
53681,-13.03,60.36,1
53684,-9.85,60.73,1
53687,-6.61,60.99,1
53690,-3.32,61.15,1
53693,0,61.2,1
53696,3.32,61.15,1
53699,6.61,60.99,1
53702,9.85,60.73,1
53705,13.03,60.36,1
53708,16.11,59.9,1
53711,19.09,59.35,1
53714,21.96,58.71,1
53717,-22.3,59.21,1
53720,-19.4,59.86,1
53723,-16.38,60.42,1
53726,-13.25,60.89,1
53729,-10.02,61.26,1
53732,-6.72,61.52,1
53735,-3.37,61.68,1
53738,0,61.73,1
53741,3.37,61.68,1
53744,6.72,61.52,1
53747,10.02,61.26,1
53750,13.25,60.89,1
53753,16.38,60.42,1
53756,19.4,59.86,1
53759,22.3,59.21,1
53762,-25.46,58.98,1
53765,-22.66,59.72,1
53768,-19.72,60.37,1
53771,-16.65,60.94,1
53774,-13.47,61.41,1
53777,-10.19,61.78,1
53780,-6.84,62.05,1
53783,-3.43,62.21,1
53786,0,62.27,1
53789,3.43,62.21,1
53792,6.84,62.05,1
53795,10.19,61.78,1
53798,13.47,61.41,1
53801,16.65,60.94,1
53804,19.72,60.37,1
53807,22.66,59.72,1
53810,25.46,58.98,1
53813,-25.86,59.47,1
53816,-23.02,60.22,1
53819,-20.04,60.88,1
53822,-16.93,61.46,1
53825,-13.7,61.93,1
53828,-10.37,62.31,1
53831,-6.96,62.58,1
53834,-3.5,62.75,1
53837,0,62.8,1
53840,3.5,62.75,1
53843,6.96,62.58,1
53846,10.37,62.31,1
53849,13.7,61.93,1
53852,16.93,61.46,1
53855,20.04,60.88,1
53858,23.02,60.22,1
53861,25.86,59.47,1
53864,-28.99,59.13,1
53867,-26.27,59.97,1
53870,-23.4,60.72,1
53873,-20.38,61.39,1
53876,-17.23,61.97,1
53879,-13.95,62.46,1
53882,-10.56,62.84,1
53885,-7.09,63.11,1
53888,-3.56,63.28,1
53891,0,63.33,1
53894,3.56,63.28,1
53897,7.09,63.11,1
53900,10.56,62.84,1
53903,13.95,62.46,1
53906,17.23,61.97,1
53909,20.38,61.39,1
53912,23.4,60.72,1
53915,26.27,59.97,1
53918,28.99,59.13,1
53921,-32.04,58.69,1
53924,-29.45,59.61,1
53927,-26.7,60.46,1
53930,-23.8,61.22,1
53933,-20.74,61.9,1
53936,-17.54,62.49,1
53939,-14.2,62.98,1
53942,-10.76,63.36,1
53945,-7.22,63.64,1
53948,-3.63,63.81,1
53951,0,63.87,1
53954,3.63,63.81,1
53957,7.22,63.64,1
53960,10.76,63.36,1
53963,14.2,62.98,1
53966,17.54,62.49,1
53969,20.74,61.9,1
53972,23.8,61.22,1
53975,26.7,60.46,1
53978,29.45,59.61,1
53981,32.04,58.69,1
53984,-32.53,59.17,1
53987,-29.92,60.1,1
53990,-27.15,60.95,1
53993,-24.21,61.72,1
53996,-21.1,62.41,1
53999,-17.85,63,1
54002,-14.47,63.5,1
54005,-10.96,63.89,1
54008,-7.36,64.17,1
54011,-3.7,64.34,1
54014,0,64.4,1
54017,3.7,64.34,1
54020,7.36,64.17,1
54023,10.96,63.89,1
54026,14.47,63.5,1
54029,17.85,63,1
54032,21.1,62.41,1
54035,24.21,61.72,1
54038,27.15,60.95,1
54041,29.92,60.1,1
54044,32.53,59.17,1
54047,-35.51,58.63,1
54050,-33.05,59.64,1
54053,-30.41,60.58,1
54056,-27.61,61.44,1
54059,-24.63,62.22,1
54062,-21.49,62.91,1
54065,-18.18,63.52,1
54068,-14.74,64.02,1
54071,-11.17,64.41,1
54074,-7.51,64.7,1
54077,-3.77,64.88,1
54080,0,64.93,1
54083,3.77,64.88,1
54086,7.51,64.7,1
54089,11.17,64.41,1
54092,14.74,64.02,1
54095,18.18,63.52,1
54098,21.49,62.91,1
54101,24.63,62.22,1
54104,27.61,61.44,1
54107,30.41,60.58,1
54110,33.05,59.64,1
54113,35.51,58.63,1
54116,-36.06,59.09,1
54119,-33.58,60.11,1
54122,-30.92,61.05,1
54125,-28.08,61.92,1
54128,-25.07,62.72,1
54131,-21.88,63.42,1
54134,-18.53,64.03,1
54137,-15.03,64.54,1
54140,-11.39,64.94,1
54143,-7.66,65.23,1
54146,-3.85,65.41,1
54149,0,65.47,1
54152,3.85,65.41,1
54155,7.66,65.23,1
54158,11.39,64.94,1
54161,15.03,64.54,1
54164,18.53,64.03,1
54167,21.88,63.42,1
54170,25.07,62.72,1
54173,28.08,61.92,1
54176,30.92,61.05,1
54179,33.58,60.11,1
54182,36.06,59.09,1
54185,-38.96,58.46,1
54188,-36.63,59.55,1
54191,-34.12,60.57,1
54194,-31.44,61.53,1
54197,-28.58,62.41,1
54200,-25.53,63.21,1
54203,-22.29,63.92,1
54206,-18.89,64.54,1
54209,-15.33,65.06,1
54212,-11.63,65.46,1
54215,-7.81,65.76,1
54218,-3.93,65.94,1
54221,0,66,1
54224,3.93,65.94,1
54227,7.81,65.76,1
54230,11.63,65.46,1
54233,15.33,65.06,1
54236,18.89,64.54,1
54239,22.29,63.92,1
54242,25.53,63.21,1
54245,28.58,62.41,1
54248,31.44,61.53,1
54251,34.12,60.57,1
54254,36.63,59.55,1
54257,38.96,58.46,1
54260,-41.72,57.75,1
54263,-39.55,58.91,1
54266,-37.21,60,1
54269,-34.69,61.03,1
54272,-31.99,62,1
54275,-29.09,62.89,1
54278,-26,63.7,1
54281,-22.72,64.42,1
54284,-19.26,65.05,1
54287,-15.64,65.57,1
54290,-11.87,65.99,1
54293,-7.98,66.29,1
54296,-4.01,66.47,1
54299,0,66.53,1
54302,4.01,66.47,1
54305,7.98,66.29,1
54308,11.87,65.99,1
54311,15.64,65.57,1
54314,19.26,65.05,1
54317,22.72,64.42,1
54320,26,63.7,1
54323,29.09,62.89,1
54326,31.99,62,1
54329,34.69,61.03,1
54332,37.21,60,1
54335,39.55,58.91,1
54338,41.72,57.75,1
54341,-44.36,56.97,1
54344,-42.34,58.18,1
54347,-40.16,59.34,1
54350,-37.81,60.45,1
54353,-35.27,61.49,1
54356,-32.55,62.47,1
54359,-29.62,63.37,1
54362,-26.49,64.19,1
54365,-23.17,64.92,1
54368,-19.65,65.56,1
54371,-15.96,66.09,1
54374,-12.12,66.51,1
54377,-8.15,66.82,1
54380,-4.1,67,1
54383,0,67.07,1
54386,4.1,67,1
54389,8.15,66.82,1
54392,12.12,66.51,1
54395,15.96,66.09,1
54398,19.65,65.56,1
54401,23.17,64.92,1
54404,26.49,64.19,1
54407,29.62,63.37,1
54410,32.55,62.47,1
54413,35.27,61.49,1
54416,37.81,60.45,1
54419,40.16,59.34,1
54422,42.34,58.18,1
54425,44.36,56.97,1
54428,-45,57.39,1
54431,-42.98,58.61,1
54434,-40.79,59.78,1
54437,-38.43,60.89,1
54440,-35.88,61.95,1
54443,-33.13,62.93,1
54446,-30.17,63.85,1
54449,-27.01,64.68,1
54452,-23.64,65.42,1
54455,-20.06,66.07,1
54458,-16.31,66.61,1
54461,-12.38,67.04,1
54464,-8.33,67.35,1
54467,-4.19,67.54,1
54470,0,67.6,1
54473,4.19,67.54,1
54476,8.33,67.35,1
54479,12.38,67.04,1
54482,16.31,66.61,1
54485,20.06,66.07,1
54488,23.64,65.42,1
54491,27.01,64.68,1
54494,30.17,63.85,1
54497,33.13,62.93,1
54500,35.88,61.95,1
54503,38.43,60.89,1
54506,40.79,59.78,1
54509,42.98,58.61,1
54512,45,57.39,1
54515,-47.52,56.53,1
54518,-45.66,57.8,1
54521,-43.63,59.03,1
54524,-41.44,60.21,1
54527,-39.07,61.33,1
54530,-36.5,62.4,1
54533,-33.73,63.39,1
54536,-30.75,64.32,1
54539,-27.54,65.16,1
54542,-24.12,65.92,1
54545,-20.49,66.57,1
54548,-16.66,67.12,1
54551,-12.66,67.56,1
54554,-8.52,67.88,1
54557,-4.29,68.07,1
54560,0,68.13,1
54563,4.29,68.07,1
54566,8.52,67.88,1
54569,12.66,67.56,1
54572,16.66,67.12,1
54575,20.49,66.57,1
54578,24.12,65.92,1
54581,27.54,65.16,1
54584,30.75,64.32,1
54587,33.73,63.39,1
54590,36.5,62.4,1
54593,39.07,61.33,1
54596,41.44,60.21,1
54599,43.63,59.03,1
54602,45.66,57.8,1
54605,47.52,56.53,1
54608,-49.9,55.61,1
54611,-48.19,56.93,1
54614,-46.33,58.21,1
54617,-44.31,59.44,1
54620,-42.11,60.63,1
54623,-39.73,61.77,1
54626,-37.15,62.84,1
54629,-34.36,63.85,1
54632,-31.34,64.79,1
54635,-28.1,65.64,1
54638,-24.63,66.41,1
54641,-20.93,67.08,1
54644,-17.04,67.64,1
54647,-12.95,68.08,1
54650,-8.72,68.4,1
54653,-4.39,68.6,1
54656,0,68.67,1
54659,4.39,68.6,1
54662,8.72,68.4,1
54665,12.95,68.08,1
54668,17.04,67.64,1
54671,20.93,67.08,1
54674,24.63,66.41,1
54677,28.1,65.64,1
54680,31.34,64.79,1
54683,34.36,63.85,1
54686,37.15,62.84,1
54689,39.73,61.77,1
54692,42.11,60.63,1
54695,44.31,59.44,1
54698,46.33,58.21,1
54701,48.19,56.93,1
54704,49.9,55.61,1
54707,-52.16,54.63,1
54710,-50.59,55.99,1
54713,-48.88,57.32,1
54716,-47.02,58.61,1
54719,-45,59.85,1
54722,-42.8,61.05,1
54725,-40.41,62.2,1
54728,-37.82,63.29,1
54731,-35,64.31,1
54734,-31.96,65.26,1
54737,-28.68,66.12,1
54740,-25.16,66.9,1
54743,-21.4,67.58,1
54746,-17.43,68.15,1
54749,-13.26,68.6,1
54752,-8.93,68.93,1
54755,-4.5,69.13,1
54758,0,69.2,1
54761,4.5,69.13,1
54764,8.93,68.93,1
54767,13.26,68.6,1
54770,17.43,68.15,1
54773,21.4,67.58,1
54776,25.16,66.9,1
54779,28.68,66.12,1
54782,31.96,65.26,1
54785,35,64.31,1
54788,37.82,63.29,1
54791,40.41,62.2,1
54794,42.8,61.05,1
54797,45,59.85,1
54800,47.02,58.61,1
54803,48.88,57.32,1
54806,50.59,55.99,1
54809,52.16,54.63,1
54812,-55.61,52.18,1
54815,-54.28,53.6,1
54818,-52.85,55,1
54821,-51.28,56.37,1
54824,-49.58,57.71,1
54827,-47.73,59,1
54830,-45.71,60.26,1
54833,-43.51,61.47,1
54836,-41.12,62.63,1
54839,-38.51,63.73,1
54842,-35.68,64.76,1
54845,-32.6,65.72,1
54848,-29.28,66.6,1
54851,-25.71,67.39,1
54854,-21.89,68.08,1
54857,-17.84,68.66,1
54860,-13.58,69.12,1
54863,-9.15,69.46,1
54866,-4.61,69.66,1
54869,0,69.73,1
54872,4.61,69.66,1
54875,9.15,69.46,1
54878,13.58,69.12,1
54881,17.84,68.66,1
54884,21.89,68.08,1
54887,25.71,67.39,1
54890,29.28,66.6,1
54893,32.6,65.72,1
54896,35.68,64.76,1
54899,38.51,63.73,1
54902,41.12,62.63,1
54905,43.51,61.47,1
54908,45.71,60.26,1
54911,47.73,59,1
54914,49.58,57.71,1
54917,51.28,56.37,1
54920,52.85,55,1
54923,54.28,53.6,1
54926,55.61,52.18,1
54929,-57.5,51.07,1
54932,-56.29,52.53,1
54935,-54.97,53.96,1
54938,-53.55,55.37,1
54941,-52,56.75,1
54944,-50.3,58.09,1
54947,-48.46,59.39,1
54950,-46.44,60.66,1
54953,-44.25,61.88,1
54956,-41.85,63.05,1
54959,-39.23,64.16,1
54962,-36.37,65.21,1
54965,-33.27,66.18,1
54968,-29.91,67.08,1
54971,-26.29,67.88,1
54974,-22.4,68.58,1
54977,-18.27,69.17,1
54980,-13.92,69.64,1
54983,-9.39,69.99,1
54986,-4.73,70.2,1
54989,0,70.27,1
54992,4.73,70.2,1
54995,9.39,69.99,1
54998,13.92,69.64,1
55001,18.27,69.17,1
55004,22.4,68.58,1
55007,26.29,67.88,1
55010,29.91,67.08,1
55013,33.27,66.18,1
55016,36.37,65.21,1
55019,39.23,64.16,1
55022,41.85,63.05,1
55025,44.25,61.88,1
55028,46.44,60.66,1
55031,48.46,59.39,1
55034,50.3,58.09,1
55037,52,56.75,1
55040,53.55,55.37,1
55043,54.97,53.96,1
55046,56.29,52.53,1
55049,57.5,51.07,1
55052,-59.28,49.93,1
55055,-58.18,51.42,1
55058,-56.98,52.88,1
55061,-55.68,54.32,1
55064,-54.27,55.73,1
55067,-52.72,57.11,1
55070,-51.04,58.46,1
55073,-49.21,59.78,1
55076,-47.2,61.05,1
55079,-45,62.28,1
55082,-42.6,63.46,1
55085,-39.97,64.59,1
55088,-37.1,65.65,1
55091,-33.97,66.64,1
55094,-30.57,67.55,1
55097,-26.89,68.36,1
55100,-22.94,69.08,1
55103,-18.72,69.68,1
55106,-14.28,70.16,1
55109,-9.63,70.51,1
55112,-4.85,70.73,1
55115,0,70.8,1
55118,4.85,70.73,1
55121,9.63,70.51,1
55124,14.28,70.16,1
55127,18.72,69.68,1
55130,22.94,69.08,1
55133,26.89,68.36,1
55136,30.57,67.55,1
55139,33.97,66.64,1
55142,37.1,65.65,1
55145,39.97,64.59,1
55148,42.6,63.46,1
55151,45,62.28,1
55154,47.2,61.05,1
55157,49.21,59.78,1
55160,51.04,58.46,1
55163,52.72,57.11,1
55166,54.27,55.73,1
55169,55.68,54.32,1
55172,56.98,52.88,1
55175,58.18,51.42,1
55178,59.28,49.93,1
55181,-59.96,50.26,1
55184,-58.87,51.75,1
55187,-57.69,53.22,1
55190,-56.4,54.66,1
55193,-55,56.08,1
55196,-53.47,57.47,1
55199,-51.8,58.83,1
55202,-49.97,60.16,1
55205,-47.97,61.44,1
55208,-45.78,62.68,1
55211,-43.37,63.88,1
55214,-40.74,65.01,1
55217,-37.85,66.09,1
55220,-34.69,67.09,1
55223,-31.25,68.01,1
55226,-27.52,68.84,1
55229,-23.5,69.57,1
55232,-19.2,70.19,1
55235,-14.65,70.68,1
55238,-9.89,71.04,1
55241,-4.99,71.26,1
55244,0,71.33,1
55247,4.99,71.26,1
55250,9.89,71.04,1
55253,14.65,70.68,1
55256,19.2,70.19,1
55259,23.5,69.57,1
55262,27.52,68.84,1
55265,31.25,68.01,1
55268,34.69,67.09,1
55271,37.85,66.09,1
55274,40.74,65.01,1
55277,43.37,63.88,1
55280,45.78,62.68,1
55283,47.97,61.44,1
55286,49.97,60.16,1
55289,51.8,58.83,1
55292,53.47,57.47,1
55295,55,56.08,1
55298,56.4,54.66,1
55301,57.69,53.22,1
55304,58.87,51.75,1
55307,59.96,50.26,1
55310,-59.57,52.08,1
55313,-58.41,53.55,1
55316,-57.14,55,1
55319,-55.75,56.43,1
55322,-54.23,57.83,1
55325,-52.58,59.19,1
55328,-50.76,60.53,1
55331,-48.77,61.82,1
55334,-46.58,63.08,1
55337,-44.17,64.28,1
55340,-41.53,65.43,1
55343,-38.63,66.52,1
55346,-35.45,67.54,1
55349,-31.97,68.48,1
55352,-28.18,69.32,1
55355,-24.09,70.07,1
55358,-19.71,70.7,1
55361,-15.05,71.2,1
55364,-10.17,71.57,1
55367,-5.13,71.79,1
55370,0,71.87,1
55373,5.13,71.79,1
55376,10.17,71.57,1
55379,15.05,71.2,1
55382,19.71,70.7,1
55385,24.09,70.07,1
55388,28.18,69.32,1
55391,31.97,68.48,1
55394,35.45,67.54,1
55397,38.63,66.52,1
55400,41.53,65.43,1
55403,44.17,64.28,1
55406,46.58,63.08,1
55409,48.77,61.82,1
55412,50.76,60.53,1
55415,52.58,59.19,1
55418,54.23,57.83,1
55421,55.75,56.43,1
55424,57.14,55,1
55427,58.41,53.55,1
55430,59.57,52.08,1
55433,-60.29,52.4,1
55436,-59.14,53.88,1
55439,-57.89,55.33,1
55442,-56.52,56.77,1
55445,-55.02,58.17,1
55448,-53.37,59.55,1
55451,-51.57,60.89,1
55454,-49.59,62.2,1
55457,-47.4,63.46,1
55460,-45,64.68,1
55463,-42.35,65.85,1
55466,-39.44,66.95,1
55469,-36.23,67.99,1
55472,-32.72,68.94,1
55475,-28.88,69.8,1
55478,-24.72,70.56,1
55481,-20.24,71.2,1
55484,-15.47,71.72,1
55487,-10.46,72.09,1
55490,-5.28,72.32,1
55493,0,72.4,1
55496,5.28,72.32,1
55499,10.46,72.09,1
55502,15.47,71.72,1
55505,20.24,71.2,1
55508,24.72,70.56,1
55511,28.88,69.8,1
55514,32.72,68.94,1
55517,36.23,67.99,1
55520,39.44,66.95,1
55523,42.35,65.85,1
55526,45,64.68,1
55529,47.4,63.46,1
55532,49.59,62.2,1
55535,51.57,60.89,1
55538,53.37,59.55,1
55541,55.02,58.17,1
55544,56.52,56.77,1
55547,57.89,55.33,1
55550,59.14,53.88,1
55553,60.29,52.4,1
55556,-61.02,52.72,1
55559,-59.89,54.2,1
55562,-58.65,55.66,1
55565,-57.3,57.1,1
55568,-55.81,58.51,1
55571,-54.19,59.9,1
55574,-52.4,61.25,1
55577,-50.43,62.57,1
55580,-48.25,63.85,1
55583,-45.85,65.08,1
55586,-43.2,66.26,1
55589,-40.28,67.38,1
55592,-37.05,68.43,1
55595,-33.5,69.39,1
55598,-29.61,70.27,1
55601,-25.37,71.05,1
55604,-20.8,71.7,1
55607,-15.91,72.23,1
55610,-10.77,72.62,1
55613,-5.43,72.85,1
55616,0,72.93,1
55619,5.43,72.85,1
55622,10.77,72.62,1
55625,15.91,72.23,1
55628,20.8,71.7,1
55631,25.37,71.05,1
55634,29.61,70.27,1
55637,33.5,69.39,1
55640,37.05,68.43,1
55643,40.28,67.38,1
55646,43.2,66.26,1
55649,45.85,65.08,1
55652,48.25,63.85,1
55655,50.43,62.57,1
55658,52.4,61.25,1
55661,54.19,59.9,1
55664,55.81,58.51,1
55667,57.3,57.1,1
55670,58.65,55.66,1
55673,59.89,54.2,1
55676,61.02,52.72,1
55679,-61.76,53.02,1
55682,-60.65,54.51,1
55685,-59.43,55.98,1
55688,-58.1,57.42,1
55691,-56.63,58.84,1
55694,-55.02,60.24,1
55697,-53.25,61.6,1
55700,-51.29,62.93,1
55703,-49.13,64.22,1
55706,-46.74,65.47,1
55709,-44.09,66.66,1
55712,-41.15,67.79,1
55715,-37.9,68.86,1
55718,-34.32,69.85,1
55721,-30.37,70.74,1
55724,-26.06,71.53,1
55727,-21.39,72.2,1
55730,-16.39,72.75,1
55733,-11.1,73.14,1
55736,-5.6,73.38,1
55739,0,73.47,1
55742,5.6,73.38,1
55745,11.1,73.14,1
55748,16.39,72.75,1
55751,21.39,72.2,1
55754,26.06,71.53,1
55757,30.37,70.74,1
55760,34.32,69.85,1
55763,37.9,68.86,1
55766,41.15,67.79,1
55769,44.09,66.66,1
55772,46.74,65.47,1
55775,49.13,64.22,1
55778,51.29,62.93,1
55781,53.25,61.6,1
55784,55.02,60.24,1
55787,56.63,58.84,1
55790,58.1,57.42,1
55793,59.43,55.98,1
55796,60.65,54.51,1
55799,61.76,53.02,1
55802,-62.52,53.32,1
55805,-61.42,54.81,1
55808,-60.22,56.29,1
55811,-58.91,57.74,1
55814,-57.47,59.17,1
55817,-55.88,60.57,1
55820,-54.12,61.95,1
55823,-52.18,63.29,1
55826,-50.03,64.59,1
55829,-47.65,65.85,1
55832,-45,67.06,1
55835,-42.06,68.21,1
55838,-38.79,69.29,1
55841,-35.17,70.29,1
55844,-31.18,71.21,1
55847,-26.79,72.01,1
55850,-22.02,72.7,1
55853,-16.89,73.26,1
55856,-11.45,73.67,1
55859,-5.78,73.92,1
55862,0,74,1
55865,5.78,73.92,1
55868,11.45,73.67,1
55871,16.89,73.26,1
55874,22.02,72.7,1
55877,26.79,72.01,1
55880,31.18,71.21,1
55883,35.17,70.29,1
55886,38.79,69.29,1
55889,42.06,68.21,1
55892,45,67.06,1
55895,47.65,65.85,1
55898,50.03,64.59,1
55901,52.18,63.29,1
55904,54.12,61.95,1
55907,55.88,60.57,1
55910,57.47,59.17,1
55913,58.91,57.74,1
55916,60.22,56.29,1
55919,61.42,54.81,1
55922,62.52,53.32,1
55925,-63.29,53.61,1
55928,-62.21,55.11,1
55931,-61.03,56.59,1
55934,-59.74,58.05,1
55937,-58.32,59.49,1
55940,-56.75,60.9,1
55943,-55.02,62.28,1
55946,-53.09,63.63,1
55949,-50.96,64.95,1
55952,-48.59,66.22,1
55955,-45.95,67.45,1
55958,-43,68.61,1
55961,-39.72,69.71,1
55964,-36.07,70.74,1
55967,-32.02,71.67,1
55970,-27.56,72.49,1
55973,-22.68,73.2,1
55976,-17.42,73.77,1
55979,-11.82,74.19,1
55982,-5.98,74.45,1
55985,0,74.53,1
55988,5.98,74.45,1
55991,11.82,74.19,1
55994,17.42,73.77,1
55997,22.68,73.2,1
56000,27.56,72.49,1
56003,32.02,71.67,1
56006,36.07,70.74,1
56009,39.72,69.71,1
56012,43,68.61,1
56015,45.95,67.45,1
56018,48.59,66.22,1
56021,50.96,64.95,1
56024,53.09,63.63,1
56027,55.02,62.28,1
56030,56.75,60.9,1
56033,58.32,59.49,1
56036,59.74,58.05,1
56039,61.03,56.59,1
56042,62.21,55.11,1
56045,63.29,53.61,1
56048,-64.07,53.9,1
56051,-63.01,55.4,1
56054,-61.86,56.88,1
56057,-60.59,58.35,1
56060,-59.19,59.8,1
56063,-57.64,61.22,1
56066,-55.93,62.61,1
56069,-54.03,63.98,1
56072,-51.92,65.3,1
56075,-49.56,66.59,1
56078,-46.93,67.83,1
56081,-43.98,69.01,1
56084,-40.69,70.13,1
56087,-37.01,71.17,1
56090,-32.91,72.12,1
56093,-28.37,72.97,1
56096,-23.39,73.69,1
56099,-17.99,74.28,1
56102,-12.22,74.71,1
56105,-6.18,74.98,1
56108,0,75.07,1
56111,6.18,74.98,1
56114,12.22,74.71,1
56117,17.99,74.28,1
56120,23.39,73.69,1
56123,28.37,72.97,1
56126,32.91,72.12,1
56129,37.01,71.17,1
56132,40.69,70.13,1
56135,43.98,69.01,1
56138,46.93,67.83,1
56141,49.56,66.59,1
56144,51.92,65.3,1
56147,54.03,63.98,1
56150,55.93,62.61,1
56153,57.64,61.22,1
56156,59.19,59.8,1
56159,60.59,58.35,1
56162,61.86,56.88,1
56165,63.01,55.4,1
56168,64.07,53.9,1
56171,-64.86,54.17,1
56174,-63.83,55.68,1
56177,-62.7,57.17,1
56180,-61.45,58.64,1
56183,-60.08,60.1,1
56186,-58.56,61.53,1
56189,-56.87,62.93,1
56192,-55,64.31,1
56195,-52.9,65.65,1
56198,-50.56,66.95,1
56201,-47.94,68.21,1
56204,-45,69.41,1
56207,-41.7,70.55,1
56210,-37.99,71.61,1
56213,-33.85,72.58,1
56216,-29.23,73.44,1
56219,-24.14,74.19,1
56222,-18.6,74.79,1
56225,-12.65,75.23,1
56228,-6.41,75.51,1
56231,0,75.6,1
56234,6.41,75.51,1
56237,12.65,75.23,1
56240,18.6,74.79,1
56243,24.14,74.19,1
56246,29.23,73.44,1
56249,33.85,72.58,1
56252,37.99,71.61,1
56255,41.7,70.55,1
56258,45,69.41,1
56261,47.94,68.21,1
56264,50.56,66.95,1
56267,52.9,65.65,1
56270,55,64.31,1
56273,56.87,62.93,1
56276,58.56,61.53,1
56279,60.08,60.1,1
56282,61.45,58.64,1
56285,62.7,57.17,1
56288,63.83,55.68,1
56291,64.86,54.17,1
56294,-65.66,54.44,1
56297,-64.66,55.95,1
56300,-63.55,57.45,1
56303,-62.33,58.93,1
56306,-60.98,60.39,1
56309,-59.49,61.83,1
56312,-57.83,63.25,1
56315,-55.98,64.63,1
56318,-53.92,65.99,1
56321,-51.6,67.3,1
56324,-48.99,68.58,1
56327,-46.06,69.8,1
56330,-42.75,70.95,1
56333,-39.02,72.03,1
56336,-34.83,73.02,1
56339,-30.14,73.91,1
56342,-24.94,74.67,1
56345,-19.25,75.29,1
56348,-13.11,75.75,1
56351,-6.65,76.04,1
56354,0,76.13,1
56357,6.65,76.04,1
56360,13.11,75.75,1
56363,19.25,75.29,1
56366,24.94,74.67,1
56369,30.14,73.91,1
56372,34.83,73.02,1
56375,39.02,72.03,1
56378,42.75,70.95,1
56381,46.06,69.8,1
56384,48.99,68.58,1
56387,51.6,67.3,1
56390,53.92,65.99,1
56393,55.98,64.63,1
56396,57.83,63.25,1
56399,59.49,61.83,1
56402,60.98,60.39,1
56405,62.33,58.93,1
56408,63.55,57.45,1
56411,64.66,55.95,1
56414,65.66,54.44,1
56417,-66.48,54.7,1
56420,-65.5,56.21,1
56423,-64.42,57.72,1
56426,-63.23,59.2,1
56429,-61.91,60.67,1
56432,-60.45,62.12,1
56435,-58.82,63.55,1
56438,-57,64.95,1
56441,-54.96,66.32,1
56444,-52.67,67.65,1
56447,-50.08,68.94,1
56450,-47.16,70.17,1
56453,-43.85,71.35,1
56456,-40.11,72.45,1
56459,-35.87,73.47,1
56462,-31.11,74.37,1
56465,-25.8,75.16,1
56468,-19.94,75.8,1
56471,-13.61,76.27,1
56474,-6.9,76.57,1
56477,0,76.67,1
56480,6.9,76.57,1
56483,13.61,76.27,1
56486,19.94,75.8,1
56489,25.8,75.16,1
56492,31.11,74.37,1
56495,35.87,73.47,1
56498,40.11,72.45,1
56501,43.85,71.35,1
56504,47.16,70.17,1
56507,50.08,68.94,1
56510,52.67,67.65,1
56513,54.96,66.32,1
56516,57,64.95,1
56519,58.82,63.55,1
56522,60.45,62.12,1
56525,61.91,60.67,1
56528,63.23,59.2,1
56531,64.42,57.72,1
56534,65.5,56.21,1
56537,66.48,54.7,1
56540,-66.36,56.47,1
56543,-65.3,57.98,1
56546,-64.14,59.47,1
56549,-62.85,60.95,1
56552,-61.42,62.41,1
56555,-59.83,63.85,1
56558,-58.04,65.26,1
56561,-56.03,66.64,1
56564,-53.77,67.99,1
56567,-51.21,69.29,1
56570,-48.3,70.55,1
56573,-45,71.74,1
56576,-41.24,72.86,1
56579,-36.97,73.9,1
56582,-32.14,74.83,1
56585,-26.71,75.64,1
56588,-20.69,76.3,1
56591,-14.14,76.79,1
56594,-7.18,77.1,1
56597,0,77.2,1
56600,7.18,77.1,1
56603,14.14,76.79,1
56606,20.69,76.3,1
56609,26.71,75.64,1
56612,32.14,74.83,1
56615,36.97,73.9,1
56618,41.24,72.86,1
56621,45,71.74,1
56624,48.3,70.55,1
56627,51.21,69.29,1
56630,53.77,67.99,1
56633,56.03,66.64,1
56636,58.04,65.26,1
56639,59.83,63.85,1
56642,61.42,62.41,1
56645,62.85,60.95,1
56648,64.14,59.47,1
56651,65.3,57.98,1
56654,66.36,56.47,1
56657,-67.22,56.71,1
56660,-66.2,58.23,1
56663,-65.07,59.73,1
56666,-63.82,61.22,1
56669,-62.42,62.68,1
56672,-60.86,64.13,1
56675,-59.11,65.56,1
56678,-57.14,66.95,1
56681,-54.91,68.31,1
56684,-52.37,69.63,1
56687,-49.49,70.91,1
56690,-46.2,72.12,1
56693,-42.43,73.27,1
56696,-38.13,74.33,1
56699,-33.23,75.29,1
56702,-27.68,76.12,1
56705,-21.5,76.8,1
56708,-14.72,77.31,1
56711,-7.49,77.63,1
56714,0,77.73,1
56717,7.49,77.63,1
56720,14.72,77.31,1
56723,21.5,76.8,1
56726,27.68,76.12,1
56729,33.23,75.29,1
56732,38.13,74.33,1
56735,42.43,73.27,1
56738,46.2,72.12,1
56741,49.49,70.91,1
56744,52.37,69.63,1
56747,54.91,68.31,1
56750,57.14,66.95,1
56753,59.11,65.56,1
56756,60.86,64.13,1
56759,62.42,62.68,1
56762,63.82,61.22,1
56765,65.07,59.73,1
56768,66.2,58.23,1
56771,67.22,56.71,1
56774,-68.11,56.95,1
56777,-67.11,58.47,1
56780,-66.02,59.98,1
56783,-64.8,61.47,1
56786,-63.44,62.95,1
56789,-61.91,64.41,1
56792,-60.2,65.84,1
56795,-58.27,67.25,1
56798,-56.08,68.63,1
56801,-53.58,69.97,1
56804,-50.73,71.26,1
56807,-47.45,72.5,1
56810,-43.69,73.67,1
56813,-39.35,74.75,1
56816,-34.39,75.73,1
56819,-28.73,76.59,1
56822,-22.37,77.3,1
56825,-15.35,77.83,1
56828,-7.82,78.15,1
56831,0,78.27,1
56834,7.82,78.15,1
56837,15.35,77.83,1
56840,22.37,77.3,1
56843,28.73,76.59,1
56846,34.39,75.73,1
56849,39.35,74.75,1
56852,43.69,73.67,1
56855,47.45,72.5,1
56858,50.73,71.26,1
56861,53.58,69.97,1
56864,56.08,68.63,1
56867,58.27,67.25,1
56870,60.2,65.84,1
56873,61.91,64.41,1
56876,63.44,62.95,1
56879,64.8,61.47,1
56882,66.02,59.98,1
56885,67.11,58.47,1
56888,68.11,56.95,1
56891,-69,57.18,1
56894,-68.04,58.71,1
56897,-66.98,60.22,1
56900,-65.79,61.72,1
56903,-64.47,63.21,1
56906,-62.99,64.68,1
56909,-61.32,66.12,1
56912,-59.43,67.55,1
56915,-57.28,68.94,1
56918,-54.83,70.29,1
56921,-52.01,71.61,1
56924,-48.76,72.86,1
56927,-45,74.06,1
56930,-40.65,75.17,1
56933,-35.62,76.18,1
56936,-29.85,77.06,1
56939,-23.31,77.79,1
56942,-16.03,78.34,1
56945,-8.18,78.68,1
56948,0,78.8,1
56951,8.18,78.68,1
56954,16.03,78.34,1
56957,23.31,77.79,1
56960,29.85,77.06,1
56963,35.62,76.18,1
56966,40.65,75.17,1
56969,45,74.06,1
56972,48.76,72.86,1
56975,52.01,71.61,1
56978,54.83,70.29,1
56981,57.28,68.94,1
56984,59.43,67.55,1
56987,61.32,66.12,1
56990,62.99,64.68,1
56993,64.47,63.21,1
56996,65.79,61.72,1
56999,66.98,60.22,1
57002,68.04,58.71,1
57005,69,57.18,1
57008,-69.91,57.4,1
57011,-68.98,58.93,1
57014,-67.96,60.45,1
57017,-66.81,61.96,1
57020,-65.53,63.46,1
57023,-64.09,64.94,1
57026,-62.47,66.39,1
57029,-60.63,67.83,1
57032,-58.53,69.24,1
57035,-56.12,70.61,1
57038,-53.34,71.94,1
57041,-50.12,73.22,1
57044,-46.38,74.44,1
57047,-42.02,75.57,1
57050,-36.94,76.61,1
57053,-31.06,77.52,1
57056,-24.33,78.28,1
57059,-16.78,78.85,1
57062,-8.58,79.21,1
57065,0,79.33,1
57068,8.58,79.21,1
57071,16.78,78.85,1
57074,24.33,78.28,1
57077,31.06,77.52,1
57080,36.94,76.61,1
57083,42.02,75.57,1
57086,46.38,74.44,1
57089,50.12,73.22,1
57092,53.34,71.94,1
57095,56.12,70.61,1
57098,58.53,69.24,1
57101,60.63,67.83,1
57104,62.47,66.39,1
57107,64.09,64.94,1
57110,65.53,63.46,1
57113,66.81,61.96,1
57116,67.96,60.45,1
57119,68.98,58.93,1
57122,69.91,57.4,1
57125,-70.83,57.61,1
57128,-69.94,59.14,1
57131,-68.95,60.67,1
57134,-67.84,62.19,1
57137,-66.61,63.69,1
57140,-65.22,65.18,1
57143,-63.64,66.65,1
57146,-61.85,68.1,1
57149,-59.81,69.52,1
57152,-57.45,70.91,1
57155,-54.72,72.26,1
57158,-51.55,73.57,1
57161,-47.83,74.81,1
57164,-43.47,75.97,1
57167,-38.34,77.04,1
57170,-32.36,77.98,1
57173,-25.44,78.77,1
57176,-17.6,79.36,1
57179,-9.02,79.74,1
57182,0,79.87,1
57185,9.02,79.74,1
57188,17.6,79.36,1
57191,25.44,78.77,1
57194,32.36,77.98,1
57197,38.34,77.04,1
57200,43.47,75.97,1
57203,47.83,74.81,1
57206,51.55,73.57,1
57209,54.72,72.26,1
57212,57.45,70.91,1
57215,59.81,69.52,1
57218,61.85,68.1,1
57221,63.64,66.65,1
57224,65.22,65.18,1
57227,66.61,63.69,1
57230,67.84,62.19,1
57233,68.95,60.67,1
57236,69.94,59.14,1
57239,70.83,57.61,1
57242,-71.76,57.8,1
57245,-70.91,59.35,1
57248,-69.96,60.88,1
57251,-68.9,62.41,1
57254,-67.71,63.92,1
57257,-66.36,65.42,1
57260,-64.84,66.9,1
57263,-63.11,68.36,1
57266,-61.12,69.8,1
57269,-58.82,71.21,1
57272,-56.15,72.58,1
57275,-53.03,73.9,1
57278,-49.35,75.17,1
57281,-45,76.36,1
57284,-39.85,77.45,1
57287,-33.76,78.43,1
57290,-26.65,79.25,1
57293,-18.51,79.87,1
57296,-9.5,80.27,1
57299,0,80.4,1
57302,9.5,80.27,1
57305,18.51,79.87,1
57308,26.65,79.25,1
57311,33.76,78.43,1
57314,39.85,77.45,1
57317,45,76.36,1
57320,49.35,75.17,1
57323,53.03,73.9,1
57326,56.15,72.58,1
57329,58.82,71.21,1
57332,61.12,69.8,1
57335,63.11,68.36,1
57338,64.84,66.9,1
57341,66.36,65.42,1
57344,67.71,63.92,1
57347,68.9,62.41,1
57350,69.96,60.88,1
57353,70.91,59.35,1
57356,71.76,57.8,1
57359,-72.7,57.99,1
57362,-71.89,59.54,1
57365,-70.98,61.09,1
57368,-69.96,62.62,1
57371,-68.82,64.14,1
57374,-67.53,65.65,1
57377,-66.07,67.14,1
57380,-64.4,68.61,1
57383,-62.47,70.06,1
57386,-60.24,71.49,1
57389,-57.64,72.88,1
57392,-54.58,74.22,1
57395,-50.95,75.52,1
57398,-46.62,76.74,1
57401,-41.45,77.86,1
57404,-35.27,78.87,1
57407,-27.97,79.72,1
57410,-19.51,80.38,1
57413,-10.05,80.79,1
57416,0,80.93,1
57419,10.05,80.79,1
57422,19.51,80.38,1
57425,27.97,79.72,1
57428,35.27,78.87,1
57431,41.45,77.86,1
57434,46.62,76.74,1
57437,50.95,75.52,1
57440,54.58,74.22,1
57443,57.64,72.88,1
57446,60.24,71.49,1
57449,62.47,70.06,1
57452,64.4,68.61,1
57455,66.07,67.14,1
57458,67.53,65.65,1
57461,68.82,64.14,1
57464,69.96,62.62,1
57467,70.98,61.09,1
57470,71.89,59.54,1
57473,72.7,57.99,1
57476,-73.66,58.17,1
57479,-72.88,59.73,1
57482,-72.02,61.28,1
57485,-71.05,62.82,1
57488,-69.96,64.34,1
57491,-68.72,65.86,1
57494,-67.32,67.36,1
57497,-65.72,68.85,1
57500,-63.86,70.32,1
57503,-61.7,71.76,1
57506,-59.18,73.17,1
57509,-56.19,74.54,1
57512,-52.62,75.85,1
57515,-48.34,77.1,1
57518,-43.17,78.26,1
57521,-36.91,79.3,1
57524,-29.42,80.19,1
57527,-20.62,80.88,1
57530,-10.66,81.32,1
57533,0,81.47,1
57536,10.66,81.32,1
57539,20.62,80.88,1
57542,29.42,80.19,1
57545,36.91,79.3,1
57548,43.17,78.26,1
57551,48.34,77.1,1
57554,52.62,75.85,1
57557,56.19,74.54,1
57560,59.18,73.17,1
57563,61.7,71.76,1
57566,63.86,70.32,1
57569,65.72,68.85,1
57572,67.32,67.36,1
57575,68.72,65.86,1
57578,69.96,64.34,1
57581,71.05,62.82,1
57584,72.02,61.28,1
57587,72.88,59.73,1
57590,73.66,58.17,1
57593,-74.62,58.34,1
57596,-73.89,59.9,1
57599,-73.07,61.46,1
57602,-72.15,63,1
57605,-71.11,64.54,1
57608,-69.94,66.07,1
57611,-68.6,67.58,1
57614,-67.06,69.08,1
57617,-65.28,70.56,1
57620,-63.21,72.01,1
57623,-60.77,73.44,1
57626,-57.86,74.83,1
57629,-54.38,76.18,1
57632,-50.15,77.45,1
57635,-45,78.65,1
57638,-38.69,79.73,1
57641,-31.02,80.65,1
57644,-21.86,81.38,1
57647,-11.34,81.84,1
57650,0,82,1
57653,11.34,81.84,1
57656,21.86,81.38,1
57659,31.02,80.65,1
57662,38.69,79.73,1
57665,45,78.65,1
57668,50.15,77.45,1
57671,54.38,76.18,1
57674,57.86,74.83,1
57677,60.77,73.44,1
57680,63.21,72.01,1
57683,65.28,70.56,1
57686,67.06,69.08,1
57689,68.6,67.58,1
57692,69.94,66.07,1
57695,71.11,64.54,1
57698,72.15,63,1
57701,73.07,61.46,1
57704,73.89,59.9,1
57707,74.62,58.34,1
57710,-75.6,58.5,1
57713,-74.9,60.07,1
57716,-74.13,61.63,1
57719,-73.26,63.18,1
57722,-72.28,64.72,1
57725,-71.17,66.26,1
57728,-69.9,67.78,1
57731,-68.44,69.29,1
57734,-66.74,70.79,1
57737,-64.76,72.26,1
57740,-62.41,73.7,1
57743,-59.61,75.12,1
57746,-56.22,76.49,1
57749,-52.07,77.79,1
57752,-46.96,79.02,1
57755,-40.62,80.14,1
57758,-32.78,81.11,1
57761,-23.25,81.87,1
57764,-12.13,82.36,1
57767,0,82.53,1
57770,12.13,82.36,1
57773,23.25,81.87,1
57776,32.78,81.11,1
57779,40.62,80.14,1
57782,46.96,79.02,1
57785,52.07,77.79,1
57788,56.22,76.49,1
57791,59.61,75.12,1
57794,62.41,73.7,1
57797,64.76,72.26,1
57800,66.74,70.79,1
57803,68.44,69.29,1
57806,69.9,67.78,1
57809,71.17,66.26,1
57812,72.28,64.72,1
57815,73.26,63.18,1
57818,74.13,61.63,1
57821,74.9,60.07,1
57824,75.6,58.5,1
57827,-76.58,58.65,1
57830,-75.93,60.22,1
57833,-75.21,61.79,1
57836,-74.39,63.34,1
57839,-73.47,64.9,1
57842,-72.42,66.44,1
57845,-71.23,67.97,1
57848,-69.84,69.49,1
57851,-68.24,71,1
57854,-66.35,72.49,1
57857,-64.11,73.95,1
57860,-61.42,75.39,1
57863,-58.14,76.78,1
57866,-54.1,78.12,1
57869,-49.06,79.38,1
57872,-42.72,80.54,1
57875,-34.73,81.55,1
57878,-24.82,82.36,1
57881,-13.02,82.88,1
57884,0,83.07,1
57887,13.02,82.88,1
57890,24.82,82.36,1
57893,34.73,81.55,1
57896,42.72,80.54,1
57899,49.06,79.38,1
57902,54.1,78.12,1
57905,58.14,76.78,1
57908,61.42,75.39,1
57911,64.11,73.95,1
57914,66.35,72.49,1
57917,68.24,71,1
57920,69.84,69.49,1
57923,71.23,67.97,1
57926,72.42,66.44,1
57929,73.47,64.9,1
57932,74.39,63.34,1
57935,75.21,61.79,1
57938,75.93,60.22,1
57941,76.58,58.65,1
57944,-77.58,58.79,1
57947,-76.97,60.36,1
57950,-76.3,61.93,1
57953,-75.53,63.5,1
57956,-74.67,65.06,1
57959,-73.69,66.61,1
57962,-72.57,68.15,1
57965,-71.28,69.68,1
57968,-69.76,71.2,1
57971,-67.98,72.7,1
57974,-65.86,74.19,1
57977,-63.29,75.64,1
57980,-60.15,77.06,1
57983,-56.24,78.43,1
57986,-51.31,79.73,1
57989,-45,80.93,1
57992,-36.89,81.99,1
57995,-26.6,82.84,1
57998,-14.06,83.4,1
58001,0,83.6,1
58004,14.06,83.4,1
58007,26.6,82.84,1
58010,36.89,81.99,1
58013,45,80.93,1
58016,51.31,79.73,1
58019,56.24,78.43,1
58022,60.15,77.06,1
58025,63.29,75.64,1
58028,65.86,74.19,1
58031,67.98,72.7,1
58034,69.76,71.2,1
58037,71.28,69.68,1
58040,72.57,68.15,1
58043,73.69,66.61,1
58046,74.67,65.06,1
58049,75.53,63.5,1
58052,76.3,61.93,1
58055,76.97,60.36,1
58058,77.58,58.79,1
58061,-78.58,58.92,1
58064,-78.02,60.5,1
58067,-77.4,62.07,1
58070,-76.69,63.64,1
58073,-75.89,65.2,1
58076,-74.99,66.76,1
58079,-73.94,68.31,1
58082,-72.73,69.86,1
58085,-71.32,71.39,1
58088,-69.65,72.9,1
58091,-67.66,74.4,1
58094,-65.23,75.88,1
58097,-62.24,77.32,1
58100,-58.5,78.72,1
58103,-53.71,80.06,1
58106,-47.48,81.3,1
58109,-39.31,82.41,1
58112,-28.64,83.31,1
58115,-15.28,83.92,1
58118,0,84.13,1
58121,15.28,83.92,1
58124,28.64,83.31,1
58127,39.31,82.41,1
58130,47.48,81.3,1
58133,53.71,80.06,1
58136,58.5,78.72,1
58139,62.24,77.32,1
58142,65.23,75.88,1
58145,67.66,74.4,1
58148,69.65,72.9,1
58151,71.32,71.39,1
58154,72.73,69.86,1
58157,73.94,68.31,1
58160,74.99,66.76,1
58163,75.89,65.2,1
58166,76.69,63.64,1
58169,77.4,62.07,1
58172,78.02,60.5,1
58175,78.58,58.92,1
58178,-79.59,59.04,1
58181,-79.08,60.62,1
58184,-78.51,62.2,1
58187,-77.86,63.77,1
58190,-77.13,65.34,1
58193,-76.29,66.91,1
58196,-75.33,68.46,1
58199,-74.22,70.02,1
58202,-72.91,71.56,1
58205,-71.36,73.09,1
58208,-69.51,74.6,1
58211,-67.24,76.1,1
58214,-64.43,77.57,1
58217,-60.87,78.99,1
58220,-56.26,80.37,1
58223,-50.18,81.65,1
58226,-42,82.82,1
58229,-30.99,83.78,1
58232,-16.72,84.43,1
58235,0,84.67,1
58238,16.72,84.43,1
58241,30.99,83.78,1
58244,42,82.82,1
58247,50.18,81.65,1
58250,56.26,80.37,1
58253,60.87,78.99,1
58256,64.43,77.57,1
58259,67.24,76.1,1
58262,69.51,74.6,1
58265,71.36,73.09,1
58268,72.91,71.56,1
58271,74.22,70.02,1
58274,75.33,68.46,1
58277,76.29,66.91,1
58280,77.13,65.34,1
58283,77.86,63.77,1
58286,78.51,62.2,1
58289,79.08,60.62,1
58292,79.59,59.04,1
58295,-80.61,59.14,1
58298,-80.15,60.73,1
58301,-79.63,62.31,1
58304,-79.04,63.89,1
58307,-78.37,65.46,1
58310,-77.62,67.04,1
58313,-76.74,68.6,1
58316,-75.72,70.16,1
58319,-74.53,71.72,1
58322,-73.11,73.26,1
58325,-71.4,74.79,1
58328,-69.31,76.3,1
58331,-66.69,77.79,1
58334,-63.35,79.25,1
58337,-58.98,80.65,1
58340,-53.11,81.99,1
58343,-45,83.2,1
58346,-33.71,84.23,1
58349,-18.45,84.94,1
58352,0,85.2,1
58355,18.45,84.94,1
58358,33.71,84.23,1
58361,45,83.2,1
58364,53.11,81.99,1
58367,58.98,80.65,1
58370,63.35,79.25,1
58373,66.69,77.79,1
58376,69.31,76.3,1
58379,71.4,74.79,1
58382,73.11,73.26,1
58385,74.53,71.72,1
58388,75.72,70.16,1
58391,76.74,68.6,1
58394,77.62,67.04,1
58397,78.37,65.46,1
58400,79.04,63.89,1
58403,79.63,62.31,1
58406,80.15,60.73,1
58409,80.61,59.14,1
58412,-81.64,59.24,1
58415,-81.22,60.83,1
58418,-80.76,62.41,1
58421,-80.23,64,1
58424,-79.63,65.58,1
58427,-78.95,67.15,1
58430,-78.17,68.73,1
58433,-77.25,70.3,1
58436,-76.18,71.86,1
58439,-74.89,73.41,1
58442,-73.34,74.95,1
58445,-71.44,76.48,1
58448,-69.04,78,1
58451,-65.96,79.48,1
58454,-61.87,80.92,1
58457,-56.28,82.3,1
58460,-48.36,83.57,1
58463,-36.88,84.66,1
58466,-20.57,85.44,1
58469,0,85.73,1
58472,20.57,85.44,1
58475,36.88,84.66,1
58478,48.36,83.57,1
58481,56.28,82.3,1
58484,61.87,80.92,1
58487,65.96,79.48,1
58490,69.04,78,1
58493,71.44,76.48,1
58496,73.34,74.95,1
58499,74.89,73.41,1
58502,76.18,71.86,1
58505,77.25,70.3,1
58508,78.17,68.73,1
58511,78.95,67.15,1
58514,79.63,65.58,1
58517,80.23,64,1
58520,80.76,62.41,1
58523,81.22,60.83,1
58526,81.64,59.24,1
58529,-82.67,59.32,1
58532,-82.3,60.91,1
58535,-81.89,62.5,1
58538,-81.43,64.09,1
58541,-80.9,65.67,1
58544,-80.3,67.26,1
58547,-79.61,68.84,1
58550,-78.8,70.41,1
58553,-77.85,71.98,1
58556,-76.71,73.55,1
58559,-75.33,75.1,1
58562,-73.62,76.65,1
58565,-71.47,78.18,1
58568,-68.67,79.69,1
58571,-64.93,81.16,1
58574,-59.71,82.58,1
58577,-52.11,83.91,1
58580,-40.61,85.08,1
58583,-23.21,85.94,1
58586,0,86.27,1
58589,23.21,85.94,1
58592,40.61,85.08,1
58595,52.11,83.91,1
58598,59.71,82.58,1
58601,64.93,81.16,1
58604,68.67,79.69,1
58607,71.47,78.18,1
58610,73.62,76.65,1
58613,75.33,75.1,1
58616,76.71,73.55,1
58619,77.85,71.98,1
58622,78.8,70.41,1
58625,79.61,68.84,1
58628,80.3,67.26,1
58631,80.9,65.67,1
58634,81.43,64.09,1
58637,81.89,62.5,1
58640,82.3,60.91,1
58643,82.67,59.32,1
58646,-83.71,59.4,1
58649,-83.39,60.99,1
58652,-83.04,62.58,1
58655,-82.64,64.17,1
58658,-82.19,65.76,1
58661,-81.67,67.35,1
58664,-81.07,68.93,1
58667,-80.37,70.51,1
58670,-79.54,72.09,1
58673,-78.55,73.67,1
58676,-77.35,75.23,1
58679,-75.86,76.79,1
58682,-73.97,78.34,1
58685,-71.49,79.87,1
58688,-68.14,81.38,1
58691,-63.4,82.84,1
58694,-56.29,84.23,1
58697,-45,85.47,1
58700,-26.57,86.42,1
58703,0,86.8,1
58706,26.57,86.42,1
58709,45,85.47,1
58712,56.29,84.23,1
58715,63.4,82.84,1
58718,68.14,81.38,1
58721,71.49,79.87,1
58724,73.97,78.34,1
58727,75.86,76.79,1
58730,77.35,75.23,1
58733,78.55,73.67,1
58736,79.54,72.09,1
58739,80.37,70.51,1
58742,81.07,68.93,1
58745,81.67,67.35,1
58748,82.19,65.76,1
58751,82.64,64.17,1
58754,83.04,62.58,1
58757,83.39,60.99,1
58760,83.71,59.4,1
58763,-84.75,59.46,1
58766,-84.48,61.05,1
58769,-84.19,62.65,1
58772,-83.85,64.24,1
58775,-83.47,65.83,1
58778,-83.04,67.42,1
58781,-82.54,69.01,1
58784,-81.95,70.6,1
58787,-81.25,72.19,1
58790,-80.42,73.77,1
58793,-79.4,75.34,1
58796,-78.14,76.92,1
58799,-76.53,78.48,1
58802,-74.41,80.03,1
58805,-71.52,81.56,1
58808,-67.35,83.06,1
58811,-60.93,84.51,1
58814,-50.19,85.83,1
58817,-30.97,86.89,1
58820,0,87.33,1
58823,30.97,86.89,1
58826,50.19,85.83,1
58829,60.93,84.51,1
58832,67.35,83.06,1
58835,71.52,81.56,1
58838,74.41,80.03,1
58841,76.53,78.48,1
58844,78.14,76.92,1
58847,79.4,75.34,1
58850,80.42,73.77,1
58853,81.25,72.19,1
58856,81.95,70.6,1
58859,82.54,69.01,1
58862,83.04,67.42,1
58865,83.47,65.83,1
58868,83.85,64.24,1
58871,84.19,62.65,1
58874,84.48,61.05,1
58877,84.75,59.46,1
58880,-85.79,59.51,1
58883,-85.58,61.11,1
58886,-85.34,62.7,1
58889,-85.08,64.3,1
58892,-84.77,65.89,1
58895,-84.42,67.49,1
58898,-84.02,69.08,1
58901,-83.54,70.67,1
58904,-82.98,72.26,1
58907,-82.31,73.85,1
58910,-81.49,75.44,1
58913,-80.46,77.02,1
58916,-79.15,78.59,1
58919,-77.42,80.16,1
58922,-75.03,81.72,1
58925,-71.53,83.25,1
58928,-66.02,84.75,1
58931,-56.3,86.15,1
58934,-36.87,87.33,1
58937,0,87.87,1
58940,36.87,87.33,1
58943,56.3,86.15,1
58946,66.02,84.75,1
58949,71.53,83.25,1
58952,75.03,81.72,1
58955,77.42,80.16,1
58958,79.15,78.59,1
58961,80.46,77.02,1
58964,81.49,75.44,1
58967,82.31,73.85,1
58970,82.98,72.26,1
58973,83.54,70.67,1
58976,84.02,69.08,1
58979,84.42,67.49,1
58982,84.77,65.89,1
58985,85.08,64.3,1
58988,85.34,62.7,1
58991,85.58,61.11,1
58994,85.79,59.51,1
58997,-86.68,61.15,1
59000,-86.5,62.75,1
59003,-86.3,64.34,1
59006,-86.07,65.94,1
59009,-85.81,67.54,1
59012,-85.5,69.13,1
59015,-85.15,70.73,1
59018,-84.72,72.32,1
59021,-84.22,73.92,1
59024,-83.59,75.51,1
59027,-82.82,77.1,1
59030,-81.82,78.68,1
59033,-80.5,80.27,1
59036,-78.66,81.84,1
59039,-75.94,83.4,1
59042,-71.55,84.94,1
59045,-63.43,86.42,1
59048,-45,87.74,1
59051,0,88.4,1
59054,45,87.74,1
59057,63.43,86.42,1
59060,71.55,84.94,1
59063,75.94,83.4,1
59066,78.66,81.84,1
59069,80.5,80.27,1
59072,81.82,78.68,1
59075,82.82,77.1,1
59078,83.59,75.51,1
59081,84.22,73.92,1
59084,84.72,72.32,1
59087,85.15,70.73,1
59090,85.5,69.13,1
59093,85.81,67.54,1
59096,86.07,65.94,1
59099,86.3,64.34,1
59102,86.5,62.75,1
59105,86.68,61.15,1
59108,-87.79,61.18,1
59111,-87.67,62.78,1
59114,-87.53,64.37,1
59117,-87.38,65.97,1
59120,-87.2,67.57,1
59123,-87,69.17,1
59126,-86.76,70.77,1
59129,-86.48,72.37,1
59132,-86.14,73.96,1
59135,-85.72,75.56,1
59138,-85.2,77.15,1
59141,-84.53,78.75,1
59144,-83.63,80.34,1
59147,-82.38,81.93,1
59150,-80.52,83.51,1
59153,-77.46,85.08,1
59156,-71.56,86.63,1
59159,-56.31,88.08,1
59162,0,88.93,1
59165,56.31,88.08,1
59168,71.56,86.63,1
59171,77.46,85.08,1
59174,80.52,83.51,1
59177,82.38,81.93,1
59180,83.63,80.34,1
59183,84.53,78.75,1
59186,85.2,77.15,1
59189,85.72,75.56,1
59192,86.14,73.96,1
59195,86.48,72.37,1
59198,86.76,70.77,1
59201,87,69.17,1
59204,87.2,67.57,1
59207,87.38,65.97,1
59210,87.53,64.37,1
59213,87.67,62.78,1
59216,87.79,61.18,1
59219,-88.89,61.19,1
59222,-88.83,62.79,1
59225,-88.77,64.39,1
59228,-88.69,65.99,1
59231,-88.6,67.59,1
59234,-88.5,69.19,1
59237,-88.38,70.79,1
59240,-88.24,72.39,1
59243,-88.07,73.99,1
59246,-87.86,75.59,1
59249,-87.59,77.19,1
59252,-87.26,78.79,1
59255,-86.81,80.38,1
59258,-86.17,81.98,1
59261,-85.23,83.58,1
59264,-83.65,85.17,1
59267,-80.53,86.76,1
59270,-71.56,88.31,1
59273,0,89.47,1
59276,71.56,88.31,1
59279,80.53,86.76,1
59282,83.65,85.17,1
59285,85.23,83.58,1
59288,86.17,81.98,1
59291,86.81,80.38,1
59294,87.26,78.79,1
59297,87.59,77.19,1
59300,87.86,75.59,1
59303,88.07,73.99,1
59306,88.24,72.39,1
59309,88.38,70.79,1
59312,88.5,69.19,1
59315,88.6,67.59,1
59318,88.69,65.99,1
59321,88.77,64.39,1
59324,88.83,62.79,1
59327,88.89,61.19,1
59330,-90,61.2,1
59333,-90,62.8,1
59336,-90,64.4,1
59339,-90,66,1
59342,-90,67.6,1
59345,-90,69.2,1
59348,-90,70.8,1
59351,-90,72.4,1
59354,-90,74,1
59357,-90,75.6,1
59360,-90,77.2,1
59363,-90,78.8,1
59366,-90,80.4,1
59369,-90,82,1
59372,-90,83.6,1
59375,-90,85.2,1
59378,-90,86.8,1
59381,-90,88.4,1
59384,0,90,1
59387,90,88.4,1
59390,90,86.8,1
59393,90,85.2,1
59396,90,83.6,1
59399,90,82,1
59402,90,80.4,1
59405,90,78.8,1
59408,90,77.2,1
59411,90,75.6,1
59414,90,74,1
59417,90,72.4,1
59420,90,70.8,1
59423,90,69.2,1
59426,90,67.6,1
59429,90,66,1
59432,90,64.4,1
59435,90,62.8,1
59438,90,61.2,1
59441,-91.11,61.19,1
59444,-91.17,62.79,1
59447,-91.23,64.39,1
59450,-91.31,65.99,1
59453,-91.4,67.59,1
59456,-91.5,69.19,1
59459,-91.62,70.79,1
59462,-91.76,72.39,1
59465,-91.93,73.99,1
59468,-92.14,75.59,1
59471,-92.41,77.19,1
59474,-92.74,78.79,1
59477,-93.19,80.38,1
59480,-93.83,81.98,1
59483,-94.77,83.58,1
59486,-96.35,85.17,1
59489,-99.47,86.76,1
59492,-108.44,88.31,1
59495,180,89.47,1
59498,108.44,88.31,1
59501,99.47,86.76,1
59504,96.35,85.17,1
59507,94.77,83.58,1
59510,93.83,81.98,1
59513,93.19,80.38,1
59516,92.74,78.79,1
59519,92.41,77.19,1
59522,92.14,75.59,1
59525,91.93,73.99,1
59528,91.76,72.39,1
59531,91.62,70.79,1
59534,91.5,69.19,1
59537,91.4,67.59,1
59540,91.31,65.99,1
59543,91.23,64.39,1
59546,91.17,62.79,1
59549,91.11,61.19,1
59552,-92.21,61.18,1
59555,-92.33,62.78,1
59558,-92.47,64.37,1
59561,-92.62,65.97,1
59564,-92.8,67.57,1
59567,-93,69.17,1
59570,-93.24,70.77,1
59573,-93.52,72.37,1
59576,-93.86,73.96,1
59579,-94.28,75.56,1
59582,-94.8,77.15,1
59585,-95.47,78.75,1
59588,-96.37,80.34,1
59591,-97.62,81.93,1
59594,-99.48,83.51,1
59597,-102.54,85.08,1
59600,-108.44,86.63,1
59603,-123.69,88.08,1
59606,180,88.93,1
59609,123.69,88.08,1
59612,108.44,86.63,1
59615,102.54,85.08,1
59618,99.48,83.51,1
59621,97.62,81.93,1
59624,96.37,80.34,1
59627,95.47,78.75,1
59630,94.8,77.15,1
59633,94.28,75.56,1
59636,93.86,73.96,1
59639,93.52,72.37,1
59642,93.24,70.77,1
59645,93,69.17,1
59648,92.8,67.57,1
59651,92.62,65.97,1
59654,92.47,64.37,1
59657,92.33,62.78,1
59660,92.21,61.18,1
59663,-93.32,61.15,1
59666,-93.5,62.75,1
59669,-93.7,64.34,1
59672,-93.93,65.94,1
59675,-94.19,67.54,1
59678,-94.5,69.13,1
59681,-94.85,70.73,1
59684,-95.28,72.32,1
59687,-95.78,73.92,1
59690,-96.41,75.51,1
59693,-97.18,77.1,1
59696,-98.18,78.68,1
59699,-99.5,80.27,1
59702,-101.34,81.84,1
59705,-104.06,83.4,1
59708,-108.45,84.94,1
59711,-116.57,86.42,1
59714,-135,87.74,1
59717,180,88.4,1
59720,135,87.74,1
59723,116.57,86.42,1
59726,108.45,84.94,1
59729,104.06,83.4,1
59732,101.34,81.84,1
59735,99.5,80.27,1
59738,98.18,78.68,1
59741,97.18,77.1,1
59744,96.41,75.51,1
59747,95.78,73.92,1
59750,95.28,72.32,1
59753,94.85,70.73,1
59756,94.5,69.13,1
59759,94.19,67.54,1
59762,93.93,65.94,1
59765,93.7,64.34,1
59768,93.5,62.75,1
59771,93.32,61.15,1
59774,-94.21,59.51,1
59777,-94.42,61.11,1
59780,-94.66,62.7,1
59783,-94.92,64.3,1
59786,-95.23,65.89,1
59789,-95.58,67.49,1
59792,-95.98,69.08,1
59795,-96.46,70.67,1
59798,-97.02,72.26,1
59801,-97.69,73.85,1
59804,-98.51,75.44,1
59807,-99.54,77.02,1
59810,-100.85,78.59,1
59813,-102.58,80.16,1
59816,-104.97,81.72,1
59819,-108.47,83.25,1
59822,-113.98,84.75,1
59825,-123.7,86.15,1
59828,-143.13,87.33,1
59831,180,87.87,1
59834,143.13,87.33,1
59837,123.7,86.15,1
59840,113.98,84.75,1
59843,108.47,83.25,1
59846,104.97,81.72,1
59849,102.58,80.16,1
59852,100.85,78.59,1
59855,99.54,77.02,1
59858,98.51,75.44,1
59861,97.69,73.85,1
59864,97.02,72.26,1
59867,96.46,70.67,1
59870,95.98,69.08,1
59873,95.58,67.49,1
59876,95.23,65.89,1
59879,94.92,64.3,1
59882,94.66,62.7,1
59885,94.42,61.11,1
59888,94.21,59.51,1
59891,-95.25,59.46,1
59894,-95.52,61.05,1
59897,-95.81,62.65,1
59900,-96.15,64.24,1
59903,-96.53,65.83,1
59906,-96.96,67.42,1
59909,-97.46,69.01,1
59912,-98.05,70.6,1
59915,-98.75,72.19,1
59918,-99.58,73.77,1
59921,-100.6,75.34,1
59924,-101.86,76.92,1
59927,-103.47,78.48,1
59930,-105.59,80.03,1
59933,-108.48,81.56,1
59936,-112.65,83.06,1
59939,-119.07,84.51,1
59942,-129.81,85.83,1
59945,-149.03,86.89,1
59948,180,87.33,1
59951,149.03,86.89,1
59954,129.81,85.83,1
59957,119.07,84.51,1
59960,112.65,83.06,1
59963,108.48,81.56,1
59966,105.59,80.03,1
59969,103.47,78.48,1
59972,101.86,76.92,1
59975,100.6,75.34,1
59978,99.58,73.77,1
59981,98.75,72.19,1
59984,98.05,70.6,1
59987,97.46,69.01,1
59990,96.96,67.42,1
59993,96.53,65.83,1
59996,96.15,64.24,1
59999,95.81,62.65,1
60002,95.52,61.05,1
60005,95.25,59.46,1
60008,-96.29,59.4,1
60011,-96.61,60.99,1
60014,-96.96,62.58,1
60017,-97.36,64.17,1
60020,-97.81,65.76,1
60023,-98.33,67.35,1
60026,-98.93,68.93,1
60029,-99.63,70.51,1
60032,-100.46,72.09,1
60035,-101.45,73.67,1
60038,-102.65,75.23,1
60041,-104.14,76.79,1
60044,-106.03,78.34,1
60047,-108.51,79.87,1
60050,-111.86,81.38,1
60053,-116.6,82.84,1
60056,-123.71,84.23,1
60059,-135,85.47,1
60062,-153.43,86.42,1
60065,180,86.8,1
60068,153.43,86.42,1
60071,135,85.47,1
60074,123.71,84.23,1
60077,116.6,82.84,1
60080,111.86,81.38,1
60083,108.51,79.87,1
60086,106.03,78.34,1
60089,104.14,76.79,1
60092,102.65,75.23,1
60095,101.45,73.67,1
60098,100.46,72.09,1
60101,99.63,70.51,1
60104,98.93,68.93,1
60107,98.33,67.35,1
60110,97.81,65.76,1
60113,97.36,64.17,1
60116,96.96,62.58,1
60119,96.61,60.99,1
60122,96.29,59.4,1
60125,-97.33,59.32,1
60128,-97.7,60.91,1
60131,-98.11,62.5,1
60134,-98.57,64.09,1
60137,-99.1,65.67,1
60140,-99.7,67.26,1
60143,-100.39,68.84,1
60146,-101.2,70.41,1
60149,-102.15,71.98,1
60152,-103.29,73.55,1
60155,-104.67,75.1,1
60158,-106.38,76.65,1
60161,-108.53,78.18,1
60164,-111.33,79.69,1
60167,-115.07,81.16,1
60170,-120.29,82.58,1
60173,-127.89,83.91,1
60176,-139.39,85.08,1
60179,-156.79,85.94,1
60182,180,86.27,1
60185,156.79,85.94,1
60188,139.39,85.08,1
60191,127.89,83.91,1
60194,120.29,82.58,1
60197,115.07,81.16,1
60200,111.33,79.69,1
60203,108.53,78.18,1
60206,106.38,76.65,1
60209,104.67,75.1,1
60212,103.29,73.55,1
60215,102.15,71.98,1
60218,101.2,70.41,1
60221,100.39,68.84,1
60224,99.7,67.26,1
60227,99.1,65.67,1
60230,98.57,64.09,1
60233,98.11,62.5,1
60236,97.7,60.91,1
60239,97.33,59.32,1
60242,-98.36,59.24,1
60245,-98.78,60.83,1
60248,-99.24,62.41,1
60251,-99.77,64,1
60254,-100.37,65.58,1
60257,-101.05,67.15,1
60260,-101.83,68.73,1
60263,-102.75,70.3,1
60266,-103.82,71.86,1
60269,-105.11,73.41,1
60272,-106.66,74.95,1
60275,-108.56,76.48,1
60278,-110.96,78,1
60281,-114.04,79.48,1
60284,-118.13,80.92,1
60287,-123.72,82.3,1
60290,-131.64,83.57,1
60293,-143.12,84.66,1
60296,-159.43,85.44,1
60299,180,85.73,1
60302,159.43,85.44,1
60305,143.12,84.66,1
60308,131.64,83.57,1
60311,123.72,82.3,1
60314,118.13,80.92,1
60317,114.04,79.48,1
60320,110.96,78,1
60323,108.56,76.48,1
60326,106.66,74.95,1
60329,105.11,73.41,1
60332,103.82,71.86,1
60335,102.75,70.3,1
60338,101.83,68.73,1
60341,101.05,67.15,1
60344,100.37,65.58,1
60347,99.77,64,1
60350,99.24,62.41,1
60353,98.78,60.83,1
60356,98.36,59.24,1
60359,-99.39,59.14,1
60362,-99.85,60.73,1
60365,-100.37,62.31,1
60368,-100.96,63.89,1
60371,-101.63,65.46,1
60374,-102.38,67.04,1
60377,-103.26,68.6,1
60380,-104.28,70.16,1
60383,-105.47,71.72,1
60386,-106.89,73.26,1
60389,-108.6,74.79,1
60392,-110.69,76.3,1
60395,-113.31,77.79,1
60398,-116.65,79.25,1
60401,-121.02,80.65,1
60404,-126.89,81.99,1
60407,-135,83.2,1
60410,-146.29,84.23,1
60413,-161.55,84.94,1
60416,180,85.2,1
60419,161.55,84.94,1
60422,146.29,84.23,1
60425,135,83.2,1
60428,126.89,81.99,1
60431,121.02,80.65,1
60434,116.65,79.25,1
60437,113.31,77.79,1
60440,110.69,76.3,1
60443,108.6,74.79,1
60446,106.89,73.26,1
60449,105.47,71.72,1
60452,104.28,70.16,1
60455,103.26,68.6,1
60458,102.38,67.04,1
60461,101.63,65.46,1
60464,100.96,63.89,1
60467,100.37,62.31,1
60470,99.85,60.73,1
60473,99.39,59.14,1
60476,-100.41,59.04,1
60479,-100.92,60.62,1
60482,-101.49,62.2,1
60485,-102.14,63.77,1
60488,-102.87,65.34,1
60491,-103.71,66.91,1
60494,-104.67,68.46,1
60497,-105.78,70.02,1
60500,-107.09,71.56,1
60503,-108.64,73.09,1
60506,-110.49,74.6,1
60509,-112.76,76.1,1
60512,-115.57,77.57,1
60515,-119.13,78.99,1
60518,-123.74,80.37,1
60521,-129.82,81.65,1
60524,-138,82.82,1
60527,-149.01,83.78,1
60530,-163.28,84.43,1
60533,180,84.67,1
60536,163.28,84.43,1
60539,149.01,83.78,1
60542,138,82.82,1
60545,129.82,81.65,1
60548,123.74,80.37,1
60551,119.13,78.99,1
60554,115.57,77.57,1
60557,112.76,76.1,1
60560,110.49,74.6,1
60563,108.64,73.09,1
60566,107.09,71.56,1
60569,105.78,70.02,1
60572,104.67,68.46,1
60575,103.71,66.91,1
60578,102.87,65.34,1
60581,102.14,63.77,1
60584,101.49,62.2,1
60587,100.92,60.62,1
60590,100.41,59.04,1
60593,-101.42,58.92,1
60596,-101.98,60.5,1
60599,-102.6,62.07,1
60602,-103.31,63.64,1
60605,-104.11,65.2,1
60608,-105.01,66.76,1
60611,-106.06,68.31,1
60614,-107.27,69.86,1
60617,-108.68,71.39,1
60620,-110.35,72.9,1
60623,-112.34,74.4,1
60626,-114.77,75.88,1
60629,-117.76,77.32,1
60632,-121.5,78.72,1
60635,-126.29,80.06,1
60638,-132.52,81.3,1
60641,-140.69,82.41,1
60644,-151.36,83.31,1
60647,-164.72,83.92,1
60650,180,84.13,1
60653,164.72,83.92,1
60656,151.36,83.31,1
60659,140.69,82.41,1
60662,132.52,81.3,1
60665,126.29,80.06,1
60668,121.5,78.72,1
60671,117.76,77.32,1
60674,114.77,75.88,1
60677,112.34,74.4,1
60680,110.35,72.9,1
60683,108.68,71.39,1
60686,107.27,69.86,1
60689,106.06,68.31,1
60692,105.01,66.76,1
60695,104.11,65.2,1
60698,103.31,63.64,1
60701,102.6,62.07,1
60704,101.98,60.5,1
60707,101.42,58.92,1
60710,-102.42,58.79,1
60713,-103.03,60.36,1
60716,-103.7,61.93,1
60719,-104.47,63.5,1
60722,-105.33,65.06,1
60725,-106.31,66.61,1
60728,-107.43,68.15,1
60731,-108.72,69.68,1
60734,-110.24,71.2,1
60737,-112.02,72.7,1
60740,-114.14,74.19,1
60743,-116.71,75.64,1
60746,-119.85,77.06,1
60749,-123.76,78.43,1
60752,-128.69,79.73,1
60755,-135,80.93,1
60758,-143.11,81.99,1
60761,-153.4,82.84,1
60764,-165.94,83.4,1
60767,180,83.6,1
60770,165.94,83.4,1
60773,153.4,82.84,1
60776,143.11,81.99,1
60779,135,80.93,1
60782,128.69,79.73,1
60785,123.76,78.43,1
60788,119.85,77.06,1
60791,116.71,75.64,1
60794,114.14,74.19,1
60797,112.02,72.7,1
60800,110.24,71.2,1
60803,108.72,69.68,1
60806,107.43,68.15,1
60809,106.31,66.61,1
60812,105.33,65.06,1
60815,104.47,63.5,1
60818,103.7,61.93,1
60821,103.03,60.36,1
60824,102.42,58.79,1
60827,-103.42,58.65,1
60830,-104.07,60.22,1
60833,-104.79,61.79,1
60836,-105.61,63.34,1
60839,-106.53,64.9,1
60842,-107.58,66.44,1
60845,-108.77,67.97,1
60848,-110.16,69.49,1
60851,-111.76,71,1
60854,-113.65,72.49,1
60857,-115.89,73.95,1
60860,-118.58,75.39,1
60863,-121.86,76.78,1
60866,-125.9,78.12,1
60869,-130.94,79.38,1
60872,-137.28,80.54,1
60875,-145.27,81.55,1
60878,-155.18,82.36,1
60881,-166.98,82.88,1
60884,180,83.07,1
60887,166.98,82.88,1
60890,155.18,82.36,1
60893,145.27,81.55,1
60896,137.28,80.54,1
60899,130.94,79.38,1
60902,125.9,78.12,1
60905,121.86,76.78,1
60908,118.58,75.39,1
60911,115.89,73.95,1
60914,113.65,72.49,1
60917,111.76,71,1
60920,110.16,69.49,1
60923,108.77,67.97,1
60926,107.58,66.44,1
60929,106.53,64.9,1
60932,105.61,63.34,1
60935,104.79,61.79,1
60938,104.07,60.22,1
60941,103.42,58.65,1
60944,-104.4,58.5,1
60947,-105.1,60.07,1
60950,-105.87,61.63,1
60953,-106.74,63.18,1
60956,-107.72,64.72,1
60959,-108.83,66.26,1
60962,-110.1,67.78,1
60965,-111.56,69.29,1
60968,-113.26,70.79,1
60971,-115.24,72.26,1
60974,-117.59,73.7,1
60977,-120.39,75.12,1
60980,-123.78,76.49,1
60983,-127.93,77.79,1
60986,-133.04,79.02,1
60989,-139.38,80.14,1
60992,-147.22,81.11,1
60995,-156.75,81.87,1
60998,-167.87,82.36,1
61001,180,82.53,1
61004,167.87,82.36,1
61007,156.75,81.87,1
61010,147.22,81.11,1
61013,139.38,80.14,1
61016,133.04,79.02,1
61019,127.93,77.79,1
61022,123.78,76.49,1
61025,120.39,75.12,1
61028,117.59,73.7,1
61031,115.24,72.26,1
61034,113.26,70.79,1
61037,111.56,69.29,1
61040,110.1,67.78,1
61043,108.83,66.26,1
61046,107.72,64.72,1
61049,106.74,63.18,1
61052,105.87,61.63,1
61055,105.1,60.07,1
61058,104.4,58.5,1
61061,-105.38,58.34,1
61064,-106.11,59.9,1
61067,-106.93,61.46,1
61070,-107.85,63,1
61073,-108.89,64.54,1
61076,-110.06,66.07,1
61079,-111.4,67.58,1
61082,-112.94,69.08,1
61085,-114.72,70.56,1
61088,-116.79,72.01,1
61091,-119.23,73.44,1
61094,-122.14,74.83,1
61097,-125.62,76.18,1
61100,-129.85,77.45,1
61103,-135,78.65,1
61106,-141.31,79.73,1
61109,-148.98,80.65,1
61112,-158.14,81.38,1
61115,-168.66,81.84,1
61118,180,82,1
61121,168.66,81.84,1
61124,158.14,81.38,1
61127,148.98,80.65,1
61130,141.31,79.73,1
61133,135,78.65,1
61136,129.85,77.45,1
61139,125.62,76.18,1
61142,122.14,74.83,1
61145,119.23,73.44,1
61148,116.79,72.01,1
61151,114.72,70.56,1
61154,112.94,69.08,1
61157,111.4,67.58,1
61160,110.06,66.07,1
61163,108.89,64.54,1
61166,107.85,63,1
61169,106.93,61.46,1
61172,106.11,59.9,1
61175,105.38,58.34,1
61178,-106.34,58.17,1
61181,-107.12,59.73,1
61184,-107.98,61.28,1
61187,-108.95,62.82,1
61190,-110.04,64.34,1
61193,-111.28,65.86,1
61196,-112.68,67.36,1
61199,-114.28,68.85,1
61202,-116.14,70.32,1
61205,-118.3,71.76,1
61208,-120.82,73.17,1
61211,-123.81,74.54,1
61214,-127.38,75.85,1
61217,-131.66,77.1,1
61220,-136.83,78.26,1
61223,-143.09,79.3,1
61226,-150.58,80.19,1
61229,-159.38,80.88,1
61232,-169.34,81.32,1
61235,180,81.47,1
61238,169.34,81.32,1
61241,159.38,80.88,1
61244,150.58,80.19,1
61247,143.09,79.3,1
61250,136.83,78.26,1
61253,131.66,77.1,1
61256,127.38,75.85,1
61259,123.81,74.54,1
61262,120.82,73.17,1
61265,118.3,71.76,1
61268,116.14,70.32,1
61271,114.28,68.85,1
61274,112.68,67.36,1
61277,111.28,65.86,1
61280,110.04,64.34,1
61283,108.95,62.82,1
61286,107.98,61.28,1
61289,107.12,59.73,1
61292,106.34,58.17,1
61295,-107.3,57.99,1
61298,-108.11,59.54,1
61301,-109.02,61.09,1
61304,-110.04,62.62,1
61307,-111.18,64.14,1
61310,-112.47,65.65,1
61313,-113.93,67.14,1
61316,-115.6,68.61,1
61319,-117.53,70.06,1
61322,-119.76,71.49,1
61325,-122.36,72.88,1
61328,-125.42,74.22,1
61331,-129.05,75.52,1
61334,-133.38,76.74,1
61337,-138.55,77.86,1
61340,-144.73,78.87,1
61343,-152.03,79.72,1
61346,-160.49,80.38,1
61349,-169.95,80.79,1
61352,180,80.93,1
61355,169.95,80.79,1
61358,160.49,80.38,1
61361,152.03,79.72,1
61364,144.73,78.87,1
61367,138.55,77.86,1
61370,133.38,76.74,1
61373,129.05,75.52,1
61376,125.42,74.22,1
61379,122.36,72.88,1
61382,119.76,71.49,1
61385,117.53,70.06,1
61388,115.6,68.61,1
61391,113.93,67.14,1
61394,112.47,65.65,1
61397,111.18,64.14,1
61400,110.04,62.62,1
61403,109.02,61.09,1
61406,108.11,59.54,1
61409,107.3,57.99,1
61412,-108.24,57.8,1
61415,-109.09,59.35,1
61418,-110.04,60.88,1
61421,-111.1,62.41,1
61424,-112.29,63.92,1
61427,-113.64,65.42,1
61430,-115.16,66.9,1
61433,-116.89,68.36,1
61436,-118.88,69.8,1
61439,-121.18,71.21,1
61442,-123.85,72.58,1
61445,-126.97,73.9,1
61448,-130.65,75.17,1
61451,-135,76.36,1
61454,-140.15,77.45,1
61457,-146.24,78.43,1
61460,-153.35,79.25,1
61463,-161.49,79.87,1
61466,-170.5,80.27,1
61469,180,80.4,1
61472,170.5,80.27,1
61475,161.49,79.87,1
61478,153.35,79.25,1
61481,146.24,78.43,1
61484,140.15,77.45,1
61487,135,76.36,1
61490,130.65,75.17,1
61493,126.97,73.9,1
61496,123.85,72.58,1
61499,121.18,71.21,1
61502,118.88,69.8,1
61505,116.89,68.36,1
61508,115.16,66.9,1
61511,113.64,65.42,1
61514,112.29,63.92,1
61517,111.1,62.41,1
61520,110.04,60.88,1
61523,109.09,59.35,1
61526,108.24,57.8,1
61529,-109.17,57.61,1
61532,-110.06,59.14,1
61535,-111.05,60.67,1
61538,-112.16,62.19,1
61541,-113.39,63.69,1
61544,-114.78,65.18,1
61547,-116.36,66.65,1
61550,-118.15,68.1,1
61553,-120.19,69.52,1
61556,-122.55,70.91,1
61559,-125.28,72.26,1
61562,-128.45,73.57,1
61565,-132.17,74.81,1
61568,-136.53,75.97,1
61571,-141.66,77.04,1
61574,-147.64,77.98,1
61577,-154.56,78.77,1
61580,-162.4,79.36,1
61583,-170.98,79.74,1
61586,180,79.87,1
61589,170.98,79.74,1
61592,162.4,79.36,1
61595,154.56,78.77,1
61598,147.64,77.98,1
61601,141.66,77.04,1
61604,136.53,75.97,1
61607,132.17,74.81,1
61610,128.45,73.57,1
61613,125.28,72.26,1
61616,122.55,70.91,1
61619,120.19,69.52,1
61622,118.15,68.1,1
61625,116.36,66.65,1
61628,114.78,65.18,1
61631,113.39,63.69,1
61634,112.16,62.19,1
61637,111.05,60.67,1
61640,110.06,59.14,1
61643,109.17,57.61,1
61646,-110.09,57.4,1
61649,-111.02,58.93,1
61652,-112.04,60.45,1
61655,-113.19,61.96,1
61658,-114.47,63.46,1
61661,-115.91,64.94,1
61664,-117.53,66.39,1
61667,-119.37,67.83,1
61670,-121.47,69.24,1
61673,-123.88,70.61,1
61676,-126.66,71.94,1
61679,-129.88,73.22,1
61682,-133.62,74.44,1
61685,-137.98,75.57,1
61688,-143.06,76.61,1
61691,-148.94,77.52,1
61694,-155.67,78.28,1
61697,-163.22,78.85,1
61700,-171.42,79.21,1
61703,180,79.33,1
61706,171.42,79.21,1
61709,163.22,78.85,1
61712,155.67,78.28,1
61715,148.94,77.52,1
61718,143.06,76.61,1
61721,137.98,75.57,1
61724,133.62,74.44,1
61727,129.88,73.22,1
61730,126.66,71.94,1
61733,123.88,70.61,1
61736,121.47,69.24,1
61739,119.37,67.83,1
61742,117.53,66.39,1
61745,115.91,64.94,1
61748,114.47,63.46,1
61751,113.19,61.96,1
61754,112.04,60.45,1
61757,111.02,58.93,1
61760,110.09,57.4,1
61763,-111,57.18,1
61766,-111.96,58.71,1
61769,-113.02,60.22,1
61772,-114.21,61.72,1
61775,-115.53,63.21,1
61778,-117.01,64.68,1
61781,-118.68,66.12,1
61784,-120.57,67.55,1
61787,-122.72,68.94,1
61790,-125.17,70.29,1
61793,-127.99,71.61,1
61796,-131.24,72.86,1
61799,-135,74.06,1
61802,-139.35,75.17,1
61805,-144.38,76.18,1
61808,-150.15,77.06,1
61811,-156.69,77.79,1
61814,-163.97,78.34,1
61817,-171.82,78.68,1
61820,180,78.8,1
61823,171.82,78.68,1
61826,163.97,78.34,1
61829,156.69,77.79,1
61832,150.15,77.06,1
61835,144.38,76.18,1
61838,139.35,75.17,1
61841,135,74.06,1
61844,131.24,72.86,1
61847,127.99,71.61,1
61850,125.17,70.29,1
61853,122.72,68.94,1
61856,120.57,67.55,1
61859,118.68,66.12,1
61862,117.01,64.68,1
61865,115.53,63.21,1
61868,114.21,61.72,1
61871,113.02,60.22,1
61874,111.96,58.71,1
61877,111,57.18,1
61880,-111.89,56.95,1
61883,-112.89,58.47,1
61886,-113.98,59.98,1
61889,-115.2,61.47,1
61892,-116.56,62.95,1
61895,-118.09,64.41,1
61898,-119.8,65.84,1
61901,-121.73,67.25,1
61904,-123.92,68.63,1
61907,-126.42,69.97,1
61910,-129.27,71.26,1
61913,-132.55,72.5,1
61916,-136.31,73.67,1
61919,-140.65,74.75,1
61922,-145.61,75.73,1
61925,-151.27,76.59,1
61928,-157.63,77.3,1
61931,-164.65,77.83,1
61934,-172.18,78.15,1
61937,180,78.27,1
61940,172.18,78.15,1
61943,164.65,77.83,1
61946,157.63,77.3,1
61949,151.27,76.59,1
61952,145.61,75.73,1
61955,140.65,74.75,1
61958,136.31,73.67,1
61961,132.55,72.5,1
61964,129.27,71.26,1
61967,126.42,69.97,1
61970,123.92,68.63,1
61973,121.73,67.25,1
61976,119.8,65.84,1
61979,118.09,64.41,1
61982,116.56,62.95,1
61985,115.2,61.47,1
61988,113.98,59.98,1
61991,112.89,58.47,1
61994,111.89,56.95,1
61997,-112.78,56.71,1
62000,-113.8,58.23,1
62003,-114.93,59.73,1
62006,-116.18,61.22,1
62009,-117.58,62.68,1
62012,-119.14,64.13,1
62015,-120.89,65.56,1
62018,-122.86,66.95,1
62021,-125.09,68.31,1
62024,-127.63,69.63,1
62027,-130.51,70.91,1
62030,-133.8,72.12,1
62033,-137.57,73.27,1
62036,-141.87,74.33,1
62039,-146.77,75.29,1
62042,-152.32,76.12,1
62045,-158.5,76.8,1
62048,-165.28,77.31,1
62051,-172.51,77.63,1
62054,180,77.73,1
62057,172.51,77.63,1
62060,165.28,77.31,1
62063,158.5,76.8,1
62066,152.32,76.12,1
62069,146.77,75.29,1
62072,141.87,74.33,1
62075,137.57,73.27,1
62078,133.8,72.12,1
62081,130.51,70.91,1
62084,127.63,69.63,1
62087,125.09,68.31,1
62090,122.86,66.95,1
62093,120.89,65.56,1
62096,119.14,64.13,1
62099,117.58,62.68,1
62102,116.18,61.22,1
62105,114.93,59.73,1
62108,113.8,58.23,1
62111,112.78,56.71,1
62114,-113.64,56.47,1
62117,-114.7,57.98,1
62120,-115.86,59.47,1
62123,-117.15,60.95,1
62126,-118.58,62.41,1
62129,-120.17,63.85,1
62132,-121.96,65.26,1
62135,-123.97,66.64,1
62138,-126.23,67.99,1
62141,-128.79,69.29,1
62144,-131.7,70.55,1
62147,-135,71.74,1
62150,-138.76,72.86,1
62153,-143.03,73.9,1
62156,-147.86,74.83,1
62159,-153.29,75.64,1
62162,-159.31,76.3,1
62165,-165.86,76.79,1
62168,-172.82,77.1,1
62171,180,77.2,1
62174,172.82,77.1,1
62177,165.86,76.79,1
62180,159.31,76.3,1
62183,153.29,75.64,1
62186,147.86,74.83,1
62189,143.03,73.9,1
62192,138.76,72.86,1
62195,135,71.74,1
62198,131.7,70.55,1
62201,128.79,69.29,1
62204,126.23,67.99,1
62207,123.97,66.64,1
62210,121.96,65.26,1
62213,120.17,63.85,1
62216,118.58,62.41,1
62219,117.15,60.95,1
62222,115.86,59.47,1
62225,114.7,57.98,1
62228,113.64,56.47,1
62231,-113.52,54.7,1
62234,-114.5,56.21,1
62237,-115.58,57.72,1
62240,-116.77,59.2,1
62243,-118.09,60.67,1
62246,-119.55,62.12,1
62249,-121.18,63.55,1
62252,-123,64.95,1
62255,-125.04,66.32,1
62258,-127.33,67.65,1
62261,-129.92,68.94,1
62264,-132.84,70.17,1
62267,-136.15,71.35,1
62270,-139.89,72.45,1
62273,-144.13,73.47,1
62276,-148.89,74.37,1
62279,-154.2,75.16,1
62282,-160.06,75.8,1
62285,-166.39,76.27,1
62288,-173.1,76.57,1
62291,180,76.67,1
62294,173.1,76.57,1
62297,166.39,76.27,1
62300,160.06,75.8,1
62303,154.2,75.16,1
62306,148.89,74.37,1
62309,144.13,73.47,1
62312,139.89,72.45,1
62315,136.15,71.35,1
62318,132.84,70.17,1
62321,129.92,68.94,1
62324,127.33,67.65,1
62327,125.04,66.32,1
62330,123,64.95,1
62333,121.18,63.55,1
62336,119.55,62.12,1
62339,118.09,60.67,1
62342,116.77,59.2,1
62345,115.58,57.72,1
62348,114.5,56.21,1
62351,113.52,54.7,1
62354,-114.34,54.44,1
62357,-115.34,55.95,1
62360,-116.45,57.45,1
62363,-117.67,58.93,1
62366,-119.02,60.39,1
62369,-120.51,61.83,1
62372,-122.17,63.25,1
62375,-124.02,64.63,1
62378,-126.08,65.99,1
62381,-128.4,67.3,1
62384,-131.01,68.58,1
62387,-133.94,69.8,1
62390,-137.25,70.95,1
62393,-140.98,72.03,1
62396,-145.17,73.02,1
62399,-149.86,73.91,1
62402,-155.06,74.67,1
62405,-160.75,75.29,1
62408,-166.89,75.75,1
62411,-173.35,76.04,1
62414,180,76.13,1
62417,173.35,76.04,1
62420,166.89,75.75,1
62423,160.75,75.29,1
62426,155.06,74.67,1
62429,149.86,73.91,1
62432,145.17,73.02,1
62435,140.98,72.03,1
62438,137.25,70.95,1
62441,133.94,69.8,1
62444,131.01,68.58,1
62447,128.4,67.3,1
62450,126.08,65.99,1
62453,124.02,64.63,1
62456,122.17,63.25,1
62459,120.51,61.83,1
62462,119.02,60.39,1
62465,117.67,58.93,1
62468,116.45,57.45,1
62471,115.34,55.95,1
62474,114.34,54.44,1
62477,-115.14,54.17,1
62480,-116.17,55.68,1
62483,-117.3,57.17,1
62486,-118.55,58.64,1
62489,-119.92,60.1,1
62492,-121.44,61.53,1
62495,-123.13,62.93,1
62498,-125,64.31,1
62501,-127.1,65.65,1
62504,-129.44,66.95,1
62507,-132.06,68.21,1
62510,-135,69.41,1
62513,-138.3,70.55,1
62516,-142.01,71.61,1
62519,-146.15,72.58,1
62522,-150.77,73.44,1
62525,-155.86,74.19,1
62528,-161.4,74.79,1
62531,-167.35,75.23,1
62534,-173.59,75.51,1
62537,180,75.6,1
62540,173.59,75.51,1
62543,167.35,75.23,1
62546,161.4,74.79,1
62549,155.86,74.19,1
62552,150.77,73.44,1
62555,146.15,72.58,1
62558,142.01,71.61,1
62561,138.3,70.55,1
62564,135,69.41,1
62567,132.06,68.21,1
62570,129.44,66.95,1
62573,127.1,65.65,1
62576,125,64.31,1
62579,123.13,62.93,1
62582,121.44,61.53,1
62585,119.92,60.1,1
62588,118.55,58.64,1
62591,117.3,57.17,1
62594,116.17,55.68,1
62597,115.14,54.17,1
62600,-115.93,53.9,1
62603,-116.99,55.4,1
62606,-118.14,56.88,1
62609,-119.41,58.35,1
62612,-120.81,59.8,1
62615,-122.36,61.22,1
62618,-124.07,62.61,1
62621,-125.97,63.98,1
62624,-128.08,65.3,1
62627,-130.44,66.59,1
62630,-133.07,67.83,1
62633,-136.02,69.01,1
62636,-139.31,70.13,1
62639,-142.99,71.17,1
62642,-147.09,72.12,1
62645,-151.63,72.97,1
62648,-156.61,73.69,1
62651,-162.01,74.28,1
62654,-167.78,74.71,1
62657,-173.82,74.98,1
62660,180,75.07,1
62663,173.82,74.98,1
62666,167.78,74.71,1
62669,162.01,74.28,1
62672,156.61,73.69,1
62675,151.63,72.97,1
62678,147.09,72.12,1
62681,142.99,71.17,1
62684,139.31,70.13,1
62687,136.02,69.01,1
62690,133.07,67.83,1
62693,130.44,66.59,1
62696,128.08,65.3,1
62699,125.97,63.98,1
62702,124.07,62.61,1
62705,122.36,61.22,1
62708,120.81,59.8,1
62711,119.41,58.35,1
62714,118.14,56.88,1
62717,116.99,55.4,1
62720,115.93,53.9,1
62723,-116.71,53.61,1
62726,-117.79,55.11,1
62729,-118.97,56.59,1
62732,-120.26,58.05,1
62735,-121.68,59.49,1
62738,-123.25,60.9,1
62741,-124.98,62.28,1
62744,-126.91,63.63,1
62747,-129.04,64.95,1
62750,-131.41,66.22,1
62753,-134.05,67.45,1
62756,-137,68.61,1
62759,-140.28,69.71,1
62762,-143.93,70.74,1
62765,-147.98,71.67,1
62768,-152.44,72.49,1
62771,-157.32,73.2,1
62774,-162.58,73.77,1
62777,-168.18,74.19,1
62780,-174.02,74.45,1
62783,180,74.53,1
62786,174.02,74.45,1
62789,168.18,74.19,1
62792,162.58,73.77,1
62795,157.32,73.2,1
62798,152.44,72.49,1
62801,147.98,71.67,1
62804,143.93,70.74,1
62807,140.28,69.71,1
62810,137,68.61,1
62813,134.05,67.45,1
62816,131.41,66.22,1
62819,129.04,64.95,1
62822,126.91,63.63,1
62825,124.98,62.28,1
62828,123.25,60.9,1
62831,121.68,59.49,1
62834,120.26,58.05,1
62837,118.97,56.59,1
62840,117.79,55.11,1
62843,116.71,53.61,1
62846,-117.48,53.32,1
62849,-118.58,54.81,1
62852,-119.78,56.29,1
62855,-121.09,57.74,1
62858,-122.53,59.17,1
62861,-124.12,60.57,1
62864,-125.88,61.95,1
62867,-127.82,63.29,1
62870,-129.97,64.59,1
62873,-132.35,65.85,1
62876,-135,67.06,1
62879,-137.94,68.21,1
62882,-141.21,69.29,1
62885,-144.83,70.29,1
62888,-148.82,71.21,1
62891,-153.21,72.01,1
62894,-157.98,72.7,1
62897,-163.11,73.26,1
62900,-168.55,73.67,1
62903,-174.22,73.92,1
62906,180,74,1
62909,174.22,73.92,1
62912,168.55,73.67,1
62915,163.11,73.26,1
62918,157.98,72.7,1
62921,153.21,72.01,1
62924,148.82,71.21,1
62927,144.83,70.29,1
62930,141.21,69.29,1
62933,137.94,68.21,1
62936,135,67.06,1
62939,132.35,65.85,1
62942,129.97,64.59,1
62945,127.82,63.29,1
62948,125.88,61.95,1
62951,124.12,60.57,1
62954,122.53,59.17,1
62957,121.09,57.74,1
62960,119.78,56.29,1
62963,118.58,54.81,1
62966,117.48,53.32,1
62969,-118.24,53.02,1
62972,-119.35,54.51,1
62975,-120.57,55.98,1
62978,-121.9,57.42,1
62981,-123.37,58.84,1
62984,-124.98,60.24,1
62987,-126.75,61.6,1
62990,-128.71,62.93,1
62993,-130.87,64.22,1
62996,-133.26,65.47,1
62999,-135.91,66.66,1
63002,-138.85,67.79,1
63005,-142.1,68.86,1
63008,-145.68,69.85,1
63011,-149.63,70.74,1
63014,-153.94,71.53,1
63017,-158.61,72.2,1
63020,-163.61,72.75,1
63023,-168.9,73.14,1
63026,-174.4,73.38,1
63029,180,73.47,1
63032,174.4,73.38,1
63035,168.9,73.14,1
63038,163.61,72.75,1
63041,158.61,72.2,1
63044,153.94,71.53,1
63047,149.63,70.74,1
63050,145.68,69.85,1
63053,142.1,68.86,1
63056,138.85,67.79,1
63059,135.91,66.66,1
63062,133.26,65.47,1
63065,130.87,64.22,1
63068,128.71,62.93,1
63071,126.75,61.6,1
63074,124.98,60.24,1
63077,123.37,58.84,1
63080,121.9,57.42,1
63083,120.57,55.98,1
63086,119.35,54.51,1
63089,118.24,53.02,1
63092,-118.98,52.72,1
63095,-120.11,54.2,1
63098,-121.35,55.66,1
63101,-122.7,57.1,1
63104,-124.19,58.51,1
63107,-125.81,59.9,1
63110,-127.6,61.25,1
63113,-129.57,62.57,1
63116,-131.75,63.85,1
63119,-134.15,65.08,1
63122,-136.8,66.26,1
63125,-139.72,67.38,1
63128,-142.95,68.43,1
63131,-146.5,69.39,1
63134,-150.39,70.27,1
63137,-154.63,71.05,1
63140,-159.2,71.7,1
63143,-164.09,72.23,1
63146,-169.23,72.62,1
63149,-174.57,72.85,1
63152,180,72.93,1
63155,174.57,72.85,1
63158,169.23,72.62,1
63161,164.09,72.23,1
63164,159.2,71.7,1
63167,154.63,71.05,1
63170,150.39,70.27,1
63173,146.5,69.39,1
63176,142.95,68.43,1
63179,139.72,67.38,1
63182,136.8,66.26,1
63185,134.15,65.08,1
63188,131.75,63.85,1
63191,129.57,62.57,1
63194,127.6,61.25,1
63197,125.81,59.9,1
63200,124.19,58.51,1
63203,122.7,57.1,1
63206,121.35,55.66,1
63209,120.11,54.2,1
63212,118.98,52.72,1
63215,-119.71,52.4,1
63218,-120.86,53.88,1
63221,-122.11,55.33,1
63224,-123.48,56.77,1
63227,-124.98,58.17,1
63230,-126.63,59.55,1
63233,-128.43,60.89,1
63236,-130.41,62.2,1
63239,-132.6,63.46,1
63242,-135,64.68,1
63245,-137.65,65.85,1
63248,-140.56,66.95,1
63251,-143.77,67.99,1
63254,-147.28,68.94,1
63257,-151.12,69.8,1
63260,-155.28,70.56,1
63263,-159.76,71.2,1
63266,-164.53,71.72,1
63269,-169.54,72.09,1
63272,-174.72,72.32,1
63275,180,72.4,1
63278,174.72,72.32,1
63281,169.54,72.09,1
63284,164.53,71.72,1
63287,159.76,71.2,1
63290,155.28,70.56,1
63293,151.12,69.8,1
63296,147.28,68.94,1
63299,143.77,67.99,1
63302,140.56,66.95,1
63305,137.65,65.85,1
63308,135,64.68,1
63311,132.6,63.46,1
63314,130.41,62.2,1
63317,128.43,60.89,1
63320,126.63,59.55,1
63323,124.98,58.17,1
63326,123.48,56.77,1
63329,122.11,55.33,1
63332,120.86,53.88,1
63335,119.71,52.4,1
63338,-120.43,52.08,1
63341,-121.59,53.55,1
63344,-122.86,55,1
63347,-124.25,56.43,1
63350,-125.77,57.83,1
63353,-127.42,59.19,1
63356,-129.24,60.53,1
63359,-131.23,61.82,1
63362,-133.42,63.08,1
63365,-135.83,64.28,1
63368,-138.47,65.43,1
63371,-141.37,66.52,1
63374,-144.55,67.54,1
63377,-148.03,68.48,1
63380,-151.82,69.32,1
63383,-155.91,70.07,1
63386,-160.29,70.7,1
63389,-164.95,71.2,1
63392,-169.83,71.57,1
63395,-174.87,71.79,1
63398,180,71.87,1
63401,174.87,71.79,1
63404,169.83,71.57,1
63407,164.95,71.2,1
63410,160.29,70.7,1
63413,155.91,70.07,1
63416,151.82,69.32,1
63419,148.03,68.48,1
63422,144.55,67.54,1
63425,141.37,66.52,1
63428,138.47,65.43,1
63431,135.83,64.28,1
63434,133.42,63.08,1
63437,131.23,61.82,1
63440,129.24,60.53,1
63443,127.42,59.19,1
63446,125.77,57.83,1
63449,124.25,56.43,1
63452,122.86,55,1
63455,121.59,53.55,1
63458,120.43,52.08,1
63461,-120.04,50.26,1
63464,-121.13,51.75,1
63467,-122.31,53.22,1
63470,-123.6,54.66,1
63473,-125,56.08,1
63476,-126.53,57.47,1
63479,-128.2,58.83,1
63482,-130.03,60.16,1
63485,-132.03,61.44,1
63488,-134.22,62.68,1
63491,-136.63,63.88,1
63494,-139.26,65.01,1
63497,-142.15,66.09,1
63500,-145.31,67.09,1
63503,-148.75,68.01,1
63506,-152.48,68.84,1
63509,-156.5,69.57,1
63512,-160.8,70.19,1
63515,-165.35,70.68,1
63518,-170.11,71.04,1
63521,-175.01,71.26,1
63524,180,71.33,1
63527,175.01,71.26,1
63530,170.11,71.04,1
63533,165.35,70.68,1
63536,160.8,70.19,1
63539,156.5,69.57,1
63542,152.48,68.84,1
63545,148.75,68.01,1
63548,145.31,67.09,1
63551,142.15,66.09,1
63554,139.26,65.01,1
63557,136.63,63.88,1
63560,134.22,62.68,1
63563,132.03,61.44,1
63566,130.03,60.16,1
63569,128.2,58.83,1
63572,126.53,57.47,1
63575,125,56.08,1
63578,123.6,54.66,1
63581,122.31,53.22,1
63584,121.13,51.75,1
63587,120.04,50.26,1
63590,-120.72,49.93,1
63593,-121.82,51.42,1
63596,-123.02,52.88,1
63599,-124.32,54.32,1
63602,-125.73,55.73,1
63605,-127.28,57.11,1
63608,-128.96,58.46,1
63611,-130.79,59.78,1
63614,-132.8,61.05,1
63617,-135,62.28,1
63620,-137.4,63.46,1
63623,-140.03,64.59,1
63626,-142.9,65.65,1
63629,-146.03,66.64,1
63632,-149.43,67.55,1
63635,-153.11,68.36,1
63638,-157.06,69.08,1
63641,-161.28,69.68,1
63644,-165.72,70.16,1
63647,-170.37,70.51,1
63650,-175.15,70.73,1
63653,180,70.8,1
63656,175.15,70.73,1
63659,170.37,70.51,1
63662,165.72,70.16,1
63665,161.28,69.68,1
63668,157.06,69.08,1
63671,153.11,68.36,1
63674,149.43,67.55,1
63677,146.03,66.64,1
63680,142.9,65.65,1
63683,140.03,64.59,1
63686,137.4,63.46,1
63689,135,62.28,1
63692,132.8,61.05,1
63695,130.79,59.78,1
63698,128.96,58.46,1
63701,127.28,57.11,1
63704,125.73,55.73,1
63707,124.32,54.32,1
63710,123.02,52.88,1
63713,121.82,51.42,1
63716,120.72,49.93,1
63719,-122.5,51.07,1
63722,-123.71,52.53,1
63725,-125.03,53.96,1
63728,-126.45,55.37,1
63731,-128,56.75,1
63734,-129.7,58.09,1
63737,-131.54,59.39,1
63740,-133.56,60.66,1
63743,-135.75,61.88,1
63746,-138.15,63.05,1
63749,-140.77,64.16,1
63752,-143.63,65.21,1
63755,-146.73,66.18,1
63758,-150.09,67.08,1
63761,-153.71,67.88,1
63764,-157.6,68.58,1
63767,-161.73,69.17,1
63770,-166.08,69.64,1
63773,-170.61,69.99,1
63776,-175.27,70.2,1
63779,180,70.27,1
63782,175.27,70.2,1
63785,170.61,69.99,1
63788,166.08,69.64,1
63791,161.73,69.17,1
63794,157.6,68.58,1
63797,153.71,67.88,1
63800,150.09,67.08,1
63803,146.73,66.18,1
63806,143.63,65.21,1
63809,140.77,64.16,1
63812,138.15,63.05,1
63815,135.75,61.88,1
63818,133.56,60.66,1
63821,131.54,59.39,1
63824,129.7,58.09,1
63827,128,56.75,1
63830,126.45,55.37,1
63833,125.03,53.96,1
63836,123.71,52.53,1
63839,122.5,51.07,1
63842,-124.39,52.18,1
63845,-125.72,53.6,1
63848,-127.15,55,1
63851,-128.72,56.37,1
63854,-130.42,57.71,1
63857,-132.27,59,1
63860,-134.29,60.26,1
63863,-136.49,61.47,1
63866,-138.88,62.63,1
63869,-141.49,63.73,1
63872,-144.32,64.76,1
63875,-147.4,65.72,1
63878,-150.72,66.6,1
63881,-154.29,67.39,1
63884,-158.11,68.08,1
63887,-162.16,68.66,1
63890,-166.42,69.12,1
63893,-170.85,69.46,1
63896,-175.39,69.66,1
63899,180,69.73,1
63902,175.39,69.66,1
63905,170.85,69.46,1
63908,166.42,69.12,1
63911,162.16,68.66,1
63914,158.11,68.08,1
63917,154.29,67.39,1
63920,150.72,66.6,1
63923,147.4,65.72,1
63926,144.32,64.76,1
63929,141.49,63.73,1
63932,138.88,62.63,1
63935,136.49,61.47,1
63938,134.29,60.26,1
63941,132.27,59,1
63944,130.42,57.71,1
63947,128.72,56.37,1
63950,127.15,55,1
63953,125.72,53.6,1
63956,124.39,52.18,1
63959,-127.84,54.63,1
63962,-129.41,55.99,1
63965,-131.12,57.32,1
63968,-132.98,58.61,1
63971,-135,59.85,1
63974,-137.2,61.05,1
63977,-139.59,62.2,1
63980,-142.18,63.29,1
63983,-145,64.31,1
63986,-148.04,65.26,1
63989,-151.32,66.12,1
63992,-154.84,66.9,1
63995,-158.6,67.58,1
63998,-162.57,68.15,1
64001,-166.74,68.6,1
64004,-171.07,68.93,1
64007,-175.5,69.13,1
64010,180,69.2,1
64013,175.5,69.13,1
64016,171.07,68.93,1
64019,166.74,68.6,1
64022,162.57,68.15,1
64025,158.6,67.58,1
64028,154.84,66.9,1
64031,151.32,66.12,1
64034,148.04,65.26,1
64037,145,64.31,1
64040,142.18,63.29,1
64043,139.59,62.2,1
64046,137.2,61.05,1
64049,135,59.85,1
64052,132.98,58.61,1
64055,131.12,57.32,1
64058,129.41,55.99,1
64061,127.84,54.63,1
64064,-130.1,55.61,1
64067,-131.81,56.93,1
64070,-133.67,58.21,1
64073,-135.69,59.44,1
64076,-137.89,60.63,1
64079,-140.27,61.77,1
64082,-142.85,62.84,1
64085,-145.64,63.85,1
64088,-148.66,64.79,1
64091,-151.9,65.64,1
64094,-155.37,66.41,1
64097,-159.07,67.08,1
64100,-162.96,67.64,1
64103,-167.05,68.08,1
64106,-171.28,68.4,1
64109,-175.61,68.6,1
64112,180,68.67,1
64115,175.61,68.6,1
64118,171.28,68.4,1
64121,167.05,68.08,1
64124,162.96,67.64,1
64127,159.07,67.08,1
64130,155.37,66.41,1
64133,151.9,65.64,1
64136,148.66,64.79,1
64139,145.64,63.85,1
64142,142.85,62.84,1
64145,140.27,61.77,1
64148,137.89,60.63,1
64151,135.69,59.44,1
64154,133.67,58.21,1
64157,131.81,56.93,1
64160,130.1,55.61,1
64163,-132.48,56.53,1
64166,-134.34,57.8,1
64169,-136.37,59.03,1
64172,-138.56,60.21,1
64175,-140.93,61.33,1
64178,-143.5,62.4,1
64181,-146.27,63.39,1
64184,-149.25,64.32,1
64187,-152.46,65.16,1
64190,-155.88,65.92,1
64193,-159.51,66.57,1
64196,-163.34,67.12,1
64199,-167.34,67.56,1
64202,-171.48,67.88,1
64205,-175.71,68.07,1
64208,180,68.13,1
64211,175.71,68.07,1
64214,171.48,67.88,1
64217,167.34,67.56,1
64220,163.34,67.12,1
64223,159.51,66.57,1
64226,155.88,65.92,1
64229,152.46,65.16,1
64232,149.25,64.32,1
64235,146.27,63.39,1
64238,143.5,62.4,1
64241,140.93,61.33,1
64244,138.56,60.21,1
64247,136.37,59.03,1
64250,134.34,57.8,1
64253,132.48,56.53,1
64256,-135,57.39,1
64259,-137.02,58.61,1
64262,-139.21,59.78,1
64265,-141.57,60.89,1
64268,-144.12,61.95,1
64271,-146.87,62.93,1
64274,-149.83,63.85,1
64277,-152.99,64.68,1
64280,-156.36,65.42,1
64283,-159.94,66.07,1
64286,-163.69,66.61,1
64289,-167.62,67.04,1
64292,-171.67,67.35,1
64295,-175.81,67.54,1
64298,180,67.6,1
64301,175.81,67.54,1
64304,171.67,67.35,1
64307,167.62,67.04,1
64310,163.69,66.61,1
64313,159.94,66.07,1
64316,156.36,65.42,1
64319,152.99,64.68,1
64322,149.83,63.85,1
64325,146.87,62.93,1
64328,144.12,61.95,1
64331,141.57,60.89,1
64334,139.21,59.78,1
64337,137.02,58.61,1
64340,135,57.39,1
64343,-135.64,56.97,1
64346,-137.66,58.18,1
64349,-139.84,59.34,1
64352,-142.19,60.45,1
64355,-144.73,61.49,1
64358,-147.45,62.47,1
64361,-150.38,63.37,1
64364,-153.51,64.19,1
64367,-156.83,64.92,1
64370,-160.35,65.56,1
64373,-164.04,66.09,1
64376,-167.88,66.51,1
64379,-171.85,66.82,1
64382,-175.9,67,1
64385,180,67.07,1
64388,175.9,67,1
64391,171.85,66.82,1
64394,167.88,66.51,1
64397,164.04,66.09,1
64400,160.35,65.56,1
64403,156.83,64.92,1
64406,153.51,64.19,1
64409,150.38,63.37,1
64412,147.45,62.47,1
64415,144.73,61.49,1
64418,142.19,60.45,1
64421,139.84,59.34,1
64424,137.66,58.18,1
64427,135.64,56.97,1
64430,-138.28,57.75,1
64433,-140.45,58.91,1
64436,-142.79,60,1
64439,-145.31,61.03,1
64442,-148.01,62,1
64445,-150.91,62.89,1
64448,-154,63.7,1
64451,-157.28,64.42,1
64454,-160.74,65.05,1
64457,-164.36,65.57,1
64460,-168.13,65.99,1
64463,-172.02,66.29,1
64466,-175.99,66.47,1
64469,180,66.53,1
64472,175.99,66.47,1
64475,172.02,66.29,1
64478,168.13,65.99,1
64481,164.36,65.57,1
64484,160.74,65.05,1
64487,157.28,64.42,1
64490,154,63.7,1
64493,150.91,62.89,1
64496,148.01,62,1
64499,145.31,61.03,1
64502,142.79,60,1
64505,140.45,58.91,1
64508,138.28,57.75,1
64511,-141.04,58.46,1
64514,-143.37,59.55,1
64517,-145.88,60.57,1
64520,-148.56,61.53,1
64523,-151.42,62.41,1
64526,-154.47,63.21,1
64529,-157.71,63.92,1
64532,-161.11,64.54,1
64535,-164.67,65.06,1
64538,-168.37,65.46,1
64541,-172.19,65.76,1
64544,-176.07,65.94,1
64547,180,66,1
64550,176.07,65.94,1
64553,172.19,65.76,1
64556,168.37,65.46,1
64559,164.67,65.06,1
64562,161.11,64.54,1
64565,157.71,63.92,1
64568,154.47,63.21,1
64571,151.42,62.41,1
64574,148.56,61.53,1
64577,145.88,60.57,1
64580,143.37,59.55,1
64583,141.04,58.46,1
64586,-143.94,59.09,1
64589,-146.42,60.11,1
64592,-149.08,61.05,1
64595,-151.92,61.92,1
64598,-154.93,62.72,1
64601,-158.12,63.42,1
64604,-161.47,64.03,1
64607,-164.97,64.54,1
64610,-168.61,64.94,1
64613,-172.34,65.23,1
64616,-176.15,65.41,1
64619,180,65.47,1
64622,176.15,65.41,1
64625,172.34,65.23,1
64628,168.61,64.94,1
64631,164.97,64.54,1
64634,161.47,64.03,1
64637,158.12,63.42,1
64640,154.93,62.72,1
64643,151.92,61.92,1
64646,149.08,61.05,1
64649,146.42,60.11,1
64652,143.94,59.09,1
64655,-144.49,58.63,1
64658,-146.95,59.64,1
64661,-149.59,60.58,1
64664,-152.39,61.44,1
64667,-155.37,62.22,1
64670,-158.51,62.91,1
64673,-161.82,63.52,1
64676,-165.26,64.02,1
64679,-168.83,64.41,1
64682,-172.49,64.7,1
64685,-176.23,64.88,1
64688,180,64.93,1
64691,176.23,64.88,1
64694,172.49,64.7,1
64697,168.83,64.41,1
64700,165.26,64.02,1
64703,161.82,63.52,1
64706,158.51,62.91,1
64709,155.37,62.22,1
64712,152.39,61.44,1
64715,149.59,60.58,1
64718,146.95,59.64,1
64721,144.49,58.63,1
64724,-147.47,59.17,1
64727,-150.08,60.1,1
64730,-152.85,60.95,1
64733,-155.79,61.72,1
64736,-158.9,62.41,1
64739,-162.15,63,1
64742,-165.53,63.5,1
64745,-169.04,63.89,1
64748,-172.64,64.17,1
64751,-176.3,64.34,1
64754,180,64.4,1
64757,176.3,64.34,1
64760,172.64,64.17,1
64763,169.04,63.89,1
64766,165.53,63.5,1
64769,162.15,63,1
64772,158.9,62.41,1
64775,155.79,61.72,1
64778,152.85,60.95,1
64781,150.08,60.1,1
64784,147.47,59.17,1
64787,-147.96,58.69,1
64790,-150.55,59.61,1
64793,-153.3,60.46,1
64796,-156.2,61.22,1
64799,-159.26,61.9,1
64802,-162.46,62.49,1
64805,-165.8,62.98,1
64808,-169.24,63.36,1
64811,-172.78,63.64,1
64814,-176.37,63.81,1
64817,180,63.87,1
64820,176.37,63.81,1
64823,172.78,63.64,1
64826,169.24,63.36,1
64829,165.8,62.98,1
64832,162.46,62.49,1
64835,159.26,61.9,1
64838,156.2,61.22,1
64841,153.3,60.46,1
64844,150.55,59.61,1
64847,147.96,58.69,1
64850,-151.01,59.13,1
64853,-153.73,59.97,1
64856,-156.6,60.72,1
64859,-159.62,61.39,1
64862,-162.77,61.97,1
64865,-166.05,62.46,1
64868,-169.44,62.84,1
64871,-172.91,63.11,1
64874,-176.44,63.28,1
64877,180,63.33,1
64880,176.44,63.28,1
64883,172.91,63.11,1
64886,169.44,62.84,1
64889,166.05,62.46,1
64892,162.77,61.97,1
64895,159.62,61.39,1
64898,156.6,60.72,1
64901,153.73,59.97,1
64904,151.01,59.13,1
64907,-154.14,59.47,1
64910,-156.98,60.22,1
64913,-159.96,60.88,1
64916,-163.07,61.46,1
64919,-166.3,61.93,1
64922,-169.63,62.31,1
64925,-173.04,62.58,1
64928,-176.5,62.75,1
64931,180,62.8,1
64934,176.5,62.75,1
64937,173.04,62.58,1
64940,169.63,62.31,1
64943,166.3,61.93,1
64946,163.07,61.46,1
64949,159.96,60.88,1
64952,156.98,60.22,1
64955,154.14,59.47,1
64958,-154.54,58.98,1
64961,-157.34,59.72,1
64964,-160.28,60.37,1
64967,-163.35,60.94,1
64970,-166.53,61.41,1
64973,-169.81,61.78,1
64976,-173.16,62.05,1
64979,-176.57,62.21,1
64982,180,62.27,1
64985,176.57,62.21,1
64988,173.16,62.05,1
64991,169.81,61.78,1
64994,166.53,61.41,1
64997,163.35,60.94,1
65000,160.28,60.37,1
65003,157.34,59.72,1
65006,154.54,58.98,1
65009,-157.7,59.21,1
65012,-160.6,59.86,1
65015,-163.62,60.42,1
65018,-166.75,60.89,1
65021,-169.98,61.26,1
65024,-173.28,61.52,1
65027,-176.63,61.68,1
65030,180,61.73,1
65033,176.63,61.68,1
65036,173.28,61.52,1
65039,169.98,61.26,1
65042,166.75,60.89,1
65045,163.62,60.42,1
65048,160.6,59.86,1
65051,157.7,59.21,1
65054,-158.04,58.71,1
65057,-160.91,59.35,1
65060,-163.89,59.9,1
65063,-166.97,60.36,1
65066,-170.15,60.73,1
65069,-173.39,60.99,1
65072,-176.68,61.15,1
65075,180,61.2,1
65078,176.68,61.15,1
65081,173.39,60.99,1
65084,170.15,60.73,1
65087,166.97,60.36,1
65090,163.89,59.9,1
65093,160.91,59.35,1
65096,158.04,58.71,1
65099,-158.37,58.2,1
65102,-161.2,58.84,1
65105,-164.14,59.38,1
65108,-167.18,59.84,1
65111,-170.31,60.2,1
65114,-173.5,60.46,1
65117,-176.74,60.61,1
65120,180,60.67,1
65123,176.74,60.61,1
65126,173.5,60.46,1
65129,170.31,60.2,1
65132,167.18,59.84,1
65135,164.14,59.38,1
65138,161.2,58.84,1
65141,158.37,58.2,1
65144,-161.48,58.32,1
65147,-164.39,58.86,1
65150,-167.38,59.32,1
65153,-170.46,59.67,1
65156,-173.6,59.93,1
65159,-176.79,60.08,1
65162,180,60.13,1
65165,176.79,60.08,1
65168,173.6,59.93,1
65171,170.46,59.67,1
65174,167.38,59.32,1
65177,164.39,58.86,1
65180,161.48,58.32,1
65183,-161.76,57.8,1
65186,-164.62,58.34,1
65189,-167.58,58.79,1
65192,-170.61,59.14,1
65195,-173.71,59.4,1
65198,-176.84,59.55,1
65201,180,59.6,1
65204,176.84,59.55,1
65207,173.71,59.4,1
65210,170.61,59.14,1
65213,167.58,58.79,1
65216,164.62,58.34,1
65219,161.76,57.8,1
65222,-164.85,57.82,1
65225,-167.76,58.27,1
65228,-170.75,58.61,1
65231,-173.8,58.86,1
65234,-176.89,59.02,1
65237,180,59.07,1
65240,176.89,59.02,1
65243,173.8,58.86,1
65246,170.75,58.61,1
65249,167.76,58.27,1
65252,164.85,57.82,1
65255,-165.07,57.3,1
65258,-167.95,57.74,1
65261,-170.89,58.08,1
65264,-173.9,58.33,1
65267,-176.94,58.48,1
65270,180,58.53,1
65273,176.94,58.48,1
65276,173.9,58.33,1
65279,170.89,58.08,1
65282,167.95,57.74,1
65285,165.07,57.3,1
65288,-165.28,56.78,1
65291,-168.12,57.21,1
65294,-171.03,57.56,1
65297,-173.99,57.8,1
65300,-176.98,57.95,1
65303,180,58,1
65306,176.98,57.95,1
65309,173.99,57.8,1
65312,171.03,57.56,1
65315,168.12,57.21,1
65318,165.28,56.78,1
65321,-168.29,56.69,1
65324,-171.16,57.03,1
65327,-174.07,57.27,1
65330,-177.03,57.42,1
65333,180,57.47,1
65336,177.03,57.42,1
65339,174.07,57.27,1
65342,171.16,57.03,1
65345,168.29,56.69,1
65348,-168.45,56.16,1
65351,-171.28,56.5,1
65354,-174.16,56.74,1
65357,-177.07,56.88,1
65360,180,56.93,1
65363,177.07,56.88,1
65366,174.16,56.74,1
65369,171.28,56.5,1
65372,168.45,56.16,1
65375,-171.4,55.97,1
65378,-174.24,56.21,1
65381,-177.11,56.35,1
65384,180,56.4,1
65387,177.11,56.35,1
65390,174.24,56.21,1
65393,171.4,55.97,1
65396,-171.52,55.44,1
65399,-174.32,55.67,1
65402,-177.15,55.82,1
65405,180,55.87,1
65408,177.15,55.82,1
65411,174.32,55.67,1
65414,171.52,55.44,1
65417,-171.63,54.91,1
65420,-174.4,55.14,1
65423,-177.19,55.29,1
65426,180,55.33,1
65429,177.19,55.29,1
65432,174.4,55.14,1
65435,171.63,54.91,1
65438,-174.47,54.61,1
65441,-177.23,54.75,1
65444,180,54.8,1
65447,177.23,54.75,1
65450,174.47,54.61,1
65453,-174.54,54.08,1
65456,-177.26,54.22,1
65459,180,54.27,1
65462,177.26,54.22,1
65465,174.54,54.08,1
65468,-174.61,53.55,1
65471,-177.3,53.69,1
65474,180,53.73,1
65477,177.3,53.69,1
65480,174.61,53.55,1
65483,-174.68,53.01,1
65486,-177.33,53.15,1
65489,180,53.2,1
65492,177.33,53.15,1
65495,174.68,53.01,1
65498,-177.36,52.62,1
65501,180,52.67,1
65504,177.36,52.62,1
65507,-177.4,52.09,1
65510,180,52.13,1
65513,177.4,52.09,1
65516,-177.43,51.55,1
65519,180,51.6,1
65522,177.43,51.55,1
65525,180,51.07,1
65528,180,50.53,1
65531,180,50,1
